DELETE FROM `player_race_stats` WHERE `Race` = 9 OR `Race` = 12;
INSERT INTO `player_race_stats` (`Race`, `Strength`, `Agility`, `Stamina`, `Intellect`, `Spirit`) VALUES
(9, -3, 2, 0, 3, -2),
(12, 3, 2, 0, -4, -1);

DELETE FROM `playercreateinfo` WHERE `race` = 9 OR `race` = 12;
INSERT INTO `playercreateinfo` (`race`, `class`, `map`, `zone`, `position_x`, `position_y`, `position_z`, `orientation`) VALUES
(9, 1, 1, 14, -618.518, -4251.67, 38.718, 0), -- Goblins spawn with Orcs/Trolls. Currently the DBC uses the tauren flyby camera, so I gotta fix that.
(9, 3, 1, 14, -618.518, -4251.67, 38.718, 0),
(9, 4, 1, 14, -618.518, -4251.67, 38.718, 0),
(9, 5, 1, 14, -618.518, -4251.67, 38.718, 0),
(9, 6, 609, 4298, 2358.44, -5666.9, 426.023, 3.65997),
(9, 7, 1, 14, -618.518, -4251.67, 38.718, 0),
(9, 8, 1, 14, -618.518, -4251.67, 38.718, 0),
(9, 9, 1, 14, -618.518, -4251.67, 38.718, 0),
(12, 1, 1, 141, 10311.3, 832.463, 1326.41, 5.69632), -- Worgen spawn with Nelfs.
(12, 3, 1, 141, 10311.3, 832.463, 1326.41, 5.69632),
(12, 4, 1, 141, 10311.3, 832.463, 1326.41, 5.69632),
(12, 5, 1, 141, 10311.3, 832.463, 1326.41, 5.69632),
(12, 6, 609, 4298, 2358.44, -5666.9, 426.023, 3.65997),
(12, 8, 1, 141, 10311.3, 832.463, 1326.41, 5.69632),
(12, 9, 1, 141, 10311.3, 832.463, 1326.41, 5.69632),
(12, 11, 1, 141, 10311.3, 832.463, 1326.41, 5.69632);

UPDATE item_template SET allowablerace = allowablerace|256 WHERE allowablerace & 2 AND allowablerace != -1 AND allowablerace != 2147483647 AND allowablerace != 2047 AND allowablerace != 4095 AND allowablerace != 8191 AND allowablerace != 16383 AND allowablerace != 32767 AND allowablerace != 65535 AND allowablerace != 131071 AND allowablerace != 262143 AND allowablerace != 524287 AND allowablerace != 1048575 AND allowablerace != 2097151;
UPDATE item_template SET allowablerace = allowablerace|2048 WHERE allowablerace & 1 AND allowablerace != -1 AND allowablerace != 2147483647 AND allowablerace != 2047 AND allowablerace != 4095 AND allowablerace != 8191 AND allowablerace != 16383 AND allowablerace != 32767 AND allowablerace != 65535 AND allowablerace != 131071 AND allowablerace != 262143 AND allowablerace != 524287 AND allowablerace != 1048575 AND allowablerace != 2097151;

DELETE FROM `item_template` WHERE `entry` IN (62461, 62462, 73838, 73839);
INSERT INTO `item_template` (`entry`, `class`, `subclass`, `SoundOverrideSubclass`, `name`, `displayid`, `Quality`, `Flags`, `FlagsExtra`, `BuyCount`, `BuyPrice`, `SellPrice`, `InventoryType`, `AllowableClass`, `AllowableRace`, `ItemLevel`, `RequiredLevel`, `RequiredSkill`, `RequiredSkillRank`, `requiredspell`, `requiredhonorrank`, `RequiredCityRank`, `RequiredReputationFaction`, `RequiredReputationRank`, `maxcount`, `stackable`, `ContainerSlots`, `StatsCount`, `stat_type1`, `stat_value1`, `stat_type2`, `stat_value2`, `stat_type3`, `stat_value3`, `stat_type4`, `stat_value4`, `stat_type5`, `stat_value5`, `stat_type6`, `stat_value6`, `stat_type7`, `stat_value7`, `stat_type8`, `stat_value8`, `stat_type9`, `stat_value9`, `stat_type10`, `stat_value10`, `ScalingStatDistribution`, `ScalingStatValue`, `dmg_min1`, `dmg_max1`, `dmg_type1`, `dmg_min2`, `dmg_max2`, `dmg_type2`, `armor`, `holy_res`, `fire_res`, `nature_res`, `frost_res`, `shadow_res`, `arcane_res`, `delay`, `ammo_type`, `RangedModRange`, `spellid_1`, `spelltrigger_1`, `spellcharges_1`, `spellppmRate_1`, `spellcooldown_1`, `spellcategory_1`, `spellcategorycooldown_1`, `spellid_2`, `spelltrigger_2`, `spellcharges_2`, `spellppmRate_2`, `spellcooldown_2`, `spellcategory_2`, `spellcategorycooldown_2`, `spellid_3`, `spelltrigger_3`, `spellcharges_3`, `spellppmRate_3`, `spellcooldown_3`, `spellcategory_3`, `spellcategorycooldown_3`, `spellid_4`, `spelltrigger_4`, `spellcharges_4`, `spellppmRate_4`, `spellcooldown_4`, `spellcategory_4`, `spellcategorycooldown_4`, `spellid_5`, `spelltrigger_5`, `spellcharges_5`, `spellppmRate_5`, `spellcooldown_5`, `spellcategory_5`, `spellcategorycooldown_5`, `bonding`, `description`, `PageText`, `LanguageID`, `PageMaterial`, `startquest`, `lockid`, `Material`, `sheath`, `RandomProperty`, `RandomSuffix`, `block`, `itemset`, `MaxDurability`, `area`, `Map`, `BagFamily`, `TotemCategory`, `socketColor_1`, `socketContent_1`, `socketColor_2`, `socketContent_2`, `socketColor_3`, `socketContent_3`, `socketBonus`, `GemProperties`, `RequiredDisenchantSkill`, `ArmorDamageModifier`, `duration`, `ItemLimitCategory`, `HolidayId`, `ScriptName`, `DisenchantID`, `FoodType`, `minMoneyLoot`, `maxMoneyLoot`, `flagsCustom`, `VerifiedBuild`) VALUES
(62461, 15, 5, -1, 'Goblin Trike Key', 134237, 3, 0, 0, 1, 10000, 2500, 0, -1, -1, 20, 20, 762, 75, 0, 0, 0, 0, 0, 1, 1, 0, 0, 0, 0, 0, 0, 0, 0, 0, 0, 0, 0, 0, 0, 0, 0, 0, 0, 0, 0, 0, 0, 0, 0, 0, 0, 0, 0, 0, 0, 0, 0, 0, 0, 0, 0, 0, 0, 0, 0, 55884, 0, -1, 0, -1, 330, 3000, 87090, 6, 0, 0, -1, 0, -1, 0, 0, 0, 0, -1, 0, -1, 0, 0, 0, 0, -1, 0, -1, 0, 0, 0, 0, -1, 0, -1, 1, 'Teaches you how to summon this mount. Summons and dismisses a rideable Goblin Trike.', 0, 0, 0, 0, 0, -1, 0, 0, 0, 0, 0, 0, 0, 0, 0, 0, 0, 0, 0, 0, 0, 0, 0, 0, -1, 0, 0, 0, 0, '', 0, 0, 0, 0, 0, 12340),
(62462, 15, 5, -1, 'Goblin Turbo-Trike Key', 134238, 4, 0, 0, 1, 100000, 25000, 0, -1, -1, 40, 40, 762, 150, 0, 0, 0, 0, 0, 1, 1, 0, 0, 0, 0, 0, 0, 0, 0, 0, 0, 0, 0, 0, 0, 0, 0, 0, 0, 0, 0, 0, 0, 0, 0, 0, 0, 0, 0, 0, 0, 0, 0, 0, 0, 0, 0, 0, 0, 0, 0, 55884, 0, -1, 0, -1, 330, 3000, 87091, 6, 0, 0, -1, 0, -1, 0, 0, 0, 0, -1, 0, -1, 0, 0, 0, 0, -1, 0, -1, 0, 0, 0, 0, -1, 0, -1, 1, 'Teaches you how to summon this mount. Summons and dismisses a rideable Goblin Turbo-Trike.', 0, 0, 0, 0, 0, -1, 0, 0, 0, 0, 0, 0, 0, 0, 0, 0, 0, 0, 0, 0, 0, 0, 0, 0, -1, 0, 0, 0, 0, '', 0, 0, 0, 0, 0, 12340),
(73838, 15, 5, -1, 'Mountain Horse', 132261, 3, 0, 0, 1, 10000, 2500, 0, -1, -1, 20, 20, 762, 75, 0, 0, 0, 0, 0, 1, 1, 0, 0, 0, 0, 0, 0, 0, 0, 0, 0, 0, 0, 0, 0, 0, 0, 0, 0, 0, 0, 0, 0, 0, 0, 0, 0, 0, 0, 0, 0, 0, 0, 0, 0, 0, 0, 0, 0, 0, 0, 55884, 0, -1, 0, -1, 330, 3000, 103195, 6, 0, 0, -1, 0, -1, 0, 0, 0, 0, -1, 0, -1, 0, 0, 0, 0, -1, 0, -1, 0, 0, 0, 0, -1, 0, -1, 1, 'Teaches you how to summon this mount. Summons and dismisses a rideable Mountain Horse.', 0, 0, 0, 0, 0, -1, 0, 0, 0, 0, 0, 0, 0, 0, 0, 0, 0, 0, 0, 0, 0, 0, 0, 0, -1, 0, 0, 0, 0, '', 0, 0, 0, 0, 0, 12340),
(73839, 15, 5, -1, 'Swift Mountain Horse', 132261, 4, 0, 0, 1, 100000, 25000, 0, -1, -1, 40, 40, 762, 150, 0, 0, 0, 0, 0, 1, 1, 0, 0, 0, 0, 0, 0, 0, 0, 0, 0, 0, 0, 0, 0, 0, 0, 0, 0, 0, 0, 0, 0, 0, 0, 0, 0, 0, 0, 0, 0, 0, 0, 0, 0, 0, 0, 0, 0, 0, 0, 55884, 0, -1, 0, -1, 330, 3000, 103196, 6, 0, 0, -1, 0, -1, 0, 0, 0, 0, -1, 0, -1, 0, 0, 0, 0, -1, 0, -1, 0, 0, 0, 0, -1, 0, -1, 1, 'Teaches you how to summon this mount. Summons and dismisses a rideable Swift Mountain Horse.', 0, 0, 0, 0, 0, -1, 0, 0, 0, 0, 0, 0, 0, 0, 0, 0, 0, 0, 0, 0, 0, 0, 0, 0, -1, 0, 0, 0, 0, '', 0, 0, 0, 0, 0, 12340);

DELETE FROM `item_template` WHERE  `entry` IN (49407, 49409, 49408, 49567, 49401, 49400, 49399, 49575, 49573, 49572, 49574, 49406, 49404, 49403, 49564, 49565, 49566, 49563, 49577, 49579, 49576, 49578, 49569, 49571, 49568, 49570); -- Worgen starting gear
INSERT INTO `item_template` (`entry`, `class`, `subclass`, `SoundOverrideSubclass`, `name`, `displayid`, `Quality`, `Flags`, `FlagsExtra`, `BuyCount`, `BuyPrice`, `SellPrice`, `InventoryType`, `AllowableClass`, `AllowableRace`, `ItemLevel`, `RequiredLevel`, `RequiredSkill`, `RequiredSkillRank`, `requiredspell`, `requiredhonorrank`, `RequiredCityRank`, `RequiredReputationFaction`, `RequiredReputationRank`, `maxcount`, `stackable`, `ContainerSlots`, `StatsCount`, `stat_type1`, `stat_value1`, `stat_type2`, `stat_value2`, `stat_type3`, `stat_value3`, `stat_type4`, `stat_value4`, `stat_type5`, `stat_value5`, `stat_type6`, `stat_value6`, `stat_type7`, `stat_value7`, `stat_type8`, `stat_value8`, `stat_type9`, `stat_value9`, `stat_type10`, `stat_value10`, `ScalingStatDistribution`, `ScalingStatValue`, `dmg_min1`, `dmg_max1`, `dmg_type1`, `dmg_min2`, `dmg_max2`, `dmg_type2`, `armor`, `holy_res`, `fire_res`, `nature_res`, `frost_res`, `shadow_res`, `arcane_res`, `delay`, `ammo_type`, `RangedModRange`, `spellid_1`, `spelltrigger_1`, `spellcharges_1`, `spellppmRate_1`, `spellcooldown_1`, `spellcategory_1`, `spellcategorycooldown_1`, `spellid_2`, `spelltrigger_2`, `spellcharges_2`, `spellppmRate_2`, `spellcooldown_2`, `spellcategory_2`, `spellcategorycooldown_2`, `spellid_3`, `spelltrigger_3`, `spellcharges_3`, `spellppmRate_3`, `spellcooldown_3`, `spellcategory_3`, `spellcategorycooldown_3`, `spellid_4`, `spelltrigger_4`, `spellcharges_4`, `spellppmRate_4`, `spellcooldown_4`, `spellcategory_4`, `spellcategorycooldown_4`, `spellid_5`, `spelltrigger_5`, `spellcharges_5`, `spellppmRate_5`, `spellcooldown_5`, `spellcategory_5`, `spellcategorycooldown_5`, `bonding`, `description`, `PageText`, `LanguageID`, `PageMaterial`, `startquest`, `lockid`, `Material`, `sheath`, `RandomProperty`, `RandomSuffix`, `block`, `itemset`, `MaxDurability`, `area`, `Map`, `BagFamily`, `TotemCategory`, `socketColor_1`, `socketContent_1`, `socketColor_2`, `socketContent_2`, `socketColor_3`, `socketContent_3`, `socketBonus`, `GemProperties`, `RequiredDisenchantSkill`, `ArmorDamageModifier`, `duration`, `ItemLimitCategory`, `HolidayId`, `ScriptName`, `DisenchantID`, `FoodType`, `minMoneyLoot`, `maxMoneyLoot`, `flagsCustom`, `VerifiedBuild`) VALUES
(49567, 4, 0, -1, 'Gilnean Adventurer\'s Shirt', 62558, 1, 0, 0, 1, 0, 1, 4, -1, -1, 1, 0, 0, 0, 0, 0, 0, 0, 0, 0, 1, 0, 0, 0, 0, 0, 0, 0, 0, 0, 0, 0, 0, 0, 0, 0, 0, 0, 0, 0, 0, 0, 0, 0, 0, 0, 0, 0, 0, 0, 0, 0, 0, 0, 0, 0, 0, 0, 1000, 0, 0, 0, 0, 0, 0, -1, 0, -1, 0, 0, 0, 0, -1, 0, -1, 0, 0, 0, 0, -1, 0, -1, 0, 0, 0, 0, -1, 0, -1, 0, 0, 0, 0, -1, 0, -1, 0, '', 0, 0, 0, 0, 0, 7, 0, 0, 0, 0, 0, 0, 0, 0, 0, 0, 0, 0, 0, 0, 0, 0, 0, 0, -1, 0, 0, 0, 0, '', 0, 0, 0, 0, 0, 0),
(49576, 4, 3, -1, 'Gilnean Recruit\'s Pants', 68130, 1, 0, 0, 1, 0, 2, 7, -1, -1, 1, 1, 0, 0, 0, 0, 0, 0, 0, 0, 1, 0, 0, 0, 0, 0, 0, 0, 0, 0, 0, 0, 0, 0, 0, 0, 0, 0, 0, 0, 0, 0, 0, 0, 0, 0, 0, 0, 0, 0, 0, 27, 0, 0, 0, 0, 0, 0, 1000, 0, 0, 0, 0, 0, 0, -1, 0, -1, 0, 0, 0, 0, -1, 0, -1, 0, 0, 0, 0, -1, 0, -1, 0, 0, 0, 0, -1, 0, -1, 0, 0, 0, 0, -1, 0, -1, 0, '', 0, 0, 0, 0, 0, 7, 0, 0, 0, 0, 0, 40, 0, 0, 0, 0, 0, 0, 0, 0, 0, 0, 0, 0, -1, 0, 0, 0, 0, '', 0, 0, 0, 0, 0, 0),
(49579, 4, 3, -1, 'Gilnean Recruit\'s Boots', 68131, 1, 0, 0, 1, 0, 1, 8, -1, -1, 1, 0, 0, 0, 0, 0, 0, 0, 0, 0, 1, 0, 0, 0, 0, 0, 0, 0, 0, 0, 0, 0, 0, 0, 0, 0, 0, 0, 0, 0, 0, 0, 0, 0, 0, 0, 0, 0, 0, 0, 0, 22, 0, 0, 0, 0, 0, 0, 1000, 0, 0, 0, 0, 0, 0, -1, 0, -1, 0, 0, 0, 0, -1, 0, -1, 0, 0, 0, 0, -1, 0, -1, 0, 0, 0, 0, -1, 0, -1, 0, 0, 0, 0, -1, 0, -1, 0, '', 0, 0, 0, 0, 0, 7, 0, 0, 0, 0, 0, 25, 0, 0, 0, 0, 0, 0, 0, 0, 0, 0, 0, 0, -1, 0, 0, 0, 0, '', 0, 0, 0, 0, 0, 0),
(49578, 4, 3, -1, 'Gilnean Recruit\'s Tunic', 68128, 1, 0, 0, 1, 0, 2, 5, -1, -1, 1, 0, 0, 0, 0, 0, 0, 0, 0, 0, 1, 0, 0, 0, 0, 0, 0, 0, 0, 0, 0, 0, 0, 0, 0, 0, 0, 0, 0, 0, 0, 0, 0, 0, 0, 0, 0, 0, 0, 0, 0, 31, 0, 0, 0, 0, 0, 0, 1000, 0, 0, 0, 0, 0, 0, -1, 0, -1, 0, 0, 0, 0, -1, 0, -1, 0, 0, 0, 0, -1, 0, -1, 0, 0, 0, 0, -1, 0, -1, 0, 0, 0, 0, -1, 0, -1, 0, '', 0, 0, 0, 0, 0, 7, 0, 0, 0, 0, 0, 55, 0, 0, 0, 0, 0, 0, 0, 0, 0, 0, 0, 0, -1, 0, 0, 0, 0, '', 0, 0, 0, 0, 0, 0),
(49577, 4, 3, -1, 'Gilnean Recruit\'s Belt', 68129, 1, 0, 0, 1, 0, 1, 6, -1, -1, 1, 1, 0, 0, 0, 0, 0, 0, 0, 0, 1, 0, 0, 0, 0, 0, 0, 0, 0, 0, 0, 0, 0, 0, 0, 0, 0, 0, 0, 0, 0, 0, 0, 0, 0, 0, 0, 0, 0, 0, 0, 18, 0, 0, 0, 0, 0, 0, 1000, 0, 0, 0, 0, 0, 0, -1, 0, -1, 0, 0, 0, 0, -1, 0, -1, 0, 0, 0, 0, -1, 0, -1, 0, 0, 0, 0, -1, 0, -1, 0, 0, 0, 0, -1, 0, -1, 0, '', 0, 0, 0, 0, 0, 7, 0, 0, 0, 0, 0, 20, 0, 0, 0, 0, 0, 0, 0, 0, 0, 0, 0, 0, -1, 0, 0, 0, 0, '', 0, 0, 0, 0, 0, 0),
(49568, 4, 2, -1, 'Gilnean Trapper\'s Pants', 62706, 1, 0, 0, 1, 0, 1, 7, -1, -1, 1, 1, 0, 0, 0, 0, 0, 0, 0, 0, 1, 0, 0, 0, 0, 0, 0, 0, 0, 0, 0, 0, 0, 0, 0, 0, 0, 0, 0, 0, 0, 0, 0, 0, 0, 0, 0, 0, 0, 0, 0, 17, 0, 0, 0, 0, 0, 0, 1000, 0, 0, 0, 0, 0, 0, -1, 0, -1, 0, 0, 0, 0, -1, 0, -1, 0, 0, 0, 0, -1, 0, -1, 0, 0, 0, 0, -1, 0, -1, 0, 0, 0, 0, -1, 0, -1, 0, '', 0, 0, 0, 0, 0, 7, 0, 0, 0, 0, 0, 40, 0, 0, 0, 0, 0, 0, 0, 0, 0, 0, 0, 0, -1, 0, 0, 0, 0, '', 0, 0, 0, 0, 0, 0),
(49569, 4, 2, -1, 'Gilnean Trapper\'s Boots', 62707, 1, 0, 0, 1, 0, 1, 8, -1, -1, 1, 0, 0, 0, 0, 0, 0, 0, 0, 0, 1, 0, 0, 0, 0, 0, 0, 0, 0, 0, 0, 0, 0, 0, 0, 0, 0, 0, 0, 0, 0, 0, 0, 0, 0, 0, 0, 0, 0, 0, 0, 13, 0, 0, 0, 0, 0, 0, 1000, 0, 0, 0, 0, 0, 0, -1, 0, -1, 0, 0, 0, 0, -1, 0, -1, 0, 0, 0, 0, -1, 0, -1, 0, 0, 0, 0, -1, 0, -1, 0, 0, 0, 0, -1, 0, -1, 0, '', 0, 0, 0, 0, 0, 7, 0, 0, 0, 0, 0, 25, 0, 0, 0, 0, 0, 0, 0, 0, 0, 0, 0, 0, -1, 0, 0, 0, 0, '', 0, 0, 0, 0, 0, 0),
(49570, 4, 2, -1, 'Gilnean Trapper\'s Tunic', 98023, 1, 0, 0, 1, 0, 1, 5, -1, -1, 1, 0, 0, 0, 0, 0, 0, 0, 0, 0, 1, 0, 0, 0, 0, 0, 0, 0, 0, 0, 0, 0, 0, 0, 0, 0, 0, 0, 0, 0, 0, 0, 0, 0, 0, 0, 0, 0, 0, 0, 0, 19, 0, 0, 0, 0, 0, 0, 1000, 0, 0, 0, 0, 0, 0, -1, 0, -1, 0, 0, 0, 0, -1, 0, -1, 0, 0, 0, 0, -1, 0, -1, 0, 0, 0, 0, -1, 0, -1, 0, 0, 0, 0, -1, 0, -1, 0, '', 0, 0, 0, 0, 0, 7, 0, 0, 0, 0, 0, 55, 0, 0, 0, 0, 0, 0, 0, 0, 0, 0, 0, 0, -1, 0, 0, 0, 0, '', 0, 0, 0, 0, 0, 0),
(49571, 4, 2, -1, 'Gilnean Trapper\'s Gloves', 69176, 1, 0, 0, 1, 0, 0, 10, -1, -1, 1, 1, 0, 0, 0, 0, 0, 0, 0, 0, 1, 0, 0, 0, 0, 0, 0, 0, 0, 0, 0, 0, 0, 0, 0, 0, 0, 0, 0, 0, 0, 0, 0, 0, 0, 0, 0, 0, 0, 0, 0, 12, 0, 0, 0, 0, 0, 0, 1000, 0, 0, 0, 0, 0, 0, -1, 0, -1, 0, 0, 0, 0, -1, 0, -1, 0, 0, 0, 0, -1, 0, -1, 0, 0, 0, 0, -1, 0, -1, 0, 0, 0, 0, -1, 0, -1, 0, '', 0, 0, 0, 0, 0, 7, 0, 0, 0, 0, 0, 20, 0, 0, 0, 0, 0, 0, 0, 0, 0, 0, 0, 0, -1, 0, 0, 0, 0, '', 0, 0, 0, 0, 0, 0),
(49572, 4, 2, -1, 'Gilnean Footpad\'s Pants', 65849, 1, 0, 0, 1, 0, 1, 7, -1, -1, 1, 1, 0, 0, 0, 0, 0, 0, 0, 0, 1, 0, 0, 0, 0, 0, 0, 0, 0, 0, 0, 0, 0, 0, 0, 0, 0, 0, 0, 0, 0, 0, 0, 0, 0, 0, 0, 0, 0, 0, 0, 17, 0, 0, 0, 0, 0, 0, 1000, 0, 0, 0, 0, 0, 0, -1, 0, -1, 0, 0, 0, 0, -1, 0, -1, 0, 0, 0, 0, -1, 0, -1, 0, 0, 0, 0, -1, 0, -1, 0, 0, 0, 0, -1, 0, -1, 0, '', 0, 0, 0, 0, 0, 7, 0, 0, 0, 0, 0, 40, 0, 0, 0, 0, 0, 0, 0, 0, 0, 0, 0, 0, -1, 0, 0, 0, 0, '', 0, 0, 0, 0, 0, 0),
(49575, 4, 2, -1, 'Gilnean Footpad\'s Boots', 65847, 1, 0, 0, 1, 0, 1, 8, -1, -1, 1, 0, 0, 0, 0, 0, 0, 0, 0, 0, 1, 0, 0, 0, 0, 0, 0, 0, 0, 0, 0, 0, 0, 0, 0, 0, 0, 0, 0, 0, 0, 0, 0, 0, 0, 0, 0, 0, 0, 0, 0, 13, 0, 0, 0, 0, 0, 0, 1000, 0, 0, 0, 0, 0, 0, -1, 0, -1, 0, 0, 0, 0, -1, 0, -1, 0, 0, 0, 0, -1, 0, -1, 0, 0, 0, 0, -1, 0, -1, 0, 0, 0, 0, -1, 0, -1, 0, '', 0, 0, 0, 0, 0, 7, 0, 0, 0, 0, 0, 25, 0, 0, 0, 0, 0, 0, 0, 0, 0, 0, 0, 0, -1, 0, 0, 0, 0, '', 0, 0, 0, 0, 0, 0),
(49574, 4, 2, -1, 'Gilnean Footpad\'s Tunic', 65850, 1, 0, 0, 1, 0, 1, 5, -1, -1, 1, 0, 0, 0, 0, 0, 0, 0, 0, 0, 1, 0, 0, 0, 0, 0, 0, 0, 0, 0, 0, 0, 0, 0, 0, 0, 0, 0, 0, 0, 0, 0, 0, 0, 0, 0, 0, 0, 0, 0, 0, 19, 0, 0, 0, 0, 0, 0, 1000, 0, 0, 0, 0, 0, 0, -1, 0, -1, 0, 0, 0, 0, -1, 0, -1, 0, 0, 0, 0, -1, 0, -1, 0, 0, 0, 0, -1, 0, -1, 0, 0, 0, 0, -1, 0, -1, 0, '', 0, 0, 0, 0, 0, 7, 0, 0, 0, 0, 0, 55, 0, 0, 0, 0, 0, 0, 0, 0, 0, 0, 0, 0, -1, 0, 0, 0, 0, '', 0, 0, 0, 0, 0, 0),
(49573, 4, 2, -1, 'Gilnean Footpad\'s Gloves', 69175, 1, 0, 0, 1, 0, 0, 10, -1, -1, 1, 1, 0, 0, 0, 0, 0, 0, 0, 0, 1, 0, 0, 0, 0, 0, 0, 0, 0, 0, 0, 0, 0, 0, 0, 0, 0, 0, 0, 0, 0, 0, 0, 0, 0, 0, 0, 0, 0, 0, 0, 12, 0, 0, 0, 0, 0, 0, 1000, 0, 0, 0, 0, 0, 0, -1, 0, -1, 0, 0, 0, 0, -1, 0, -1, 0, 0, 0, 0, -1, 0, -1, 0, 0, 0, 0, -1, 0, -1, 0, 0, 0, 0, -1, 0, -1, 0, '', 0, 0, 0, 0, 0, 7, 0, 0, 0, 0, 0, 20, 0, 0, 0, 0, 0, 0, 0, 0, 0, 0, 0, 0, -1, 0, 0, 0, 0, '', 0, 0, 0, 0, 0, 0),
(49403, 4, 1, -1, 'Gilnean Neophyte\'s Robe', 62557, 1, 0, 0, 1, 0, 1, 20, -1, -1, 1, 1, 0, 0, 0, 0, 0, 0, 0, 0, 1, 0, 0, 0, 0, 0, 0, 0, 0, 0, 0, 0, 0, 0, 0, 0, 0, 0, 0, 0, 0, 0, 0, 0, 0, 0, 0, 0, 0, 0, 0, 13, 0, 0, 0, 0, 0, 0, 1000, 0, 0, 0, 0, 0, 0, -1, 0, -1, 0, 0, 0, 0, -1, 0, -1, 0, 0, 0, 0, -1, 0, -1, 0, 0, 0, 0, -1, 0, -1, 0, 0, 0, 0, -1, 0, -1, 0, '', 0, 0, 0, 0, 0, 7, 0, 0, 0, 0, 0, 55, 0, 0, 0, 0, 0, 0, 0, 0, 0, 0, 0, 0, -1, 0, 0, 0, 0, '', 0, 0, 0, 0, 0, 0),
(49404, 4, 1, -1, 'Gilnean Neophyte\'s Pants', 62559, 1, 0, 0, 1, 0, 1, 7, -1, -1, 1, 1, 0, 0, 0, 0, 0, 0, 0, 0, 1, 0, 0, 0, 0, 0, 0, 0, 0, 0, 0, 0, 0, 0, 0, 0, 0, 0, 0, 0, 0, 0, 0, 0, 0, 0, 0, 0, 0, 0, 0, 11, 0, 0, 0, 0, 0, 0, 1000, 0, 0, 0, 0, 0, 0, -1, 0, -1, 0, 0, 0, 0, -1, 0, -1, 0, 0, 0, 0, -1, 0, -1, 0, 0, 0, 0, -1, 0, -1, 0, 0, 0, 0, -1, 0, -1, 0, '', 0, 0, 0, 0, 0, 7, 0, 0, 0, 0, 0, 40, 0, 0, 0, 0, 0, 0, 0, 0, 0, 0, 0, 0, -1, 0, 0, 0, 0, '', 0, 0, 0, 0, 0, 0),
(49406, 4, 1, -1, 'Gilnean Neophyte\'s Boots', 62568, 1, 0, 0, 1, 0, 1, 8, -1, -1, 1, 0, 0, 0, 0, 0, 0, 0, 0, 0, 1, 0, 0, 0, 0, 0, 0, 0, 0, 0, 0, 0, 0, 0, 0, 0, 0, 0, 0, 0, 0, 0, 0, 0, 0, 0, 0, 0, 0, 0, 0, 9, 0, 0, 0, 0, 0, 0, 1000, 0, 0, 0, 0, 0, 0, -1, 0, -1, 0, 0, 0, 0, -1, 0, -1, 0, 0, 0, 0, -1, 0, -1, 0, 0, 0, 0, -1, 0, -1, 0, 0, 0, 0, -1, 0, -1, 0, '', 0, 0, 0, 0, 0, 7, 0, 0, 0, 0, 0, 25, 0, 0, 0, 0, 0, 0, 0, 0, 0, 0, 0, 0, -1, 0, 0, 0, 0, '', 0, 0, 0, 0, 0, 0),
(49399, 4, 1, -1, 'Gilnean Apprentice\'s Robe', 62549, 1, 0, 0, 1, 0, 1, 20, -1, -1, 1, 1, 0, 0, 0, 0, 0, 0, 0, 0, 1, 0, 0, 0, 0, 0, 0, 0, 0, 0, 0, 0, 0, 0, 0, 0, 0, 0, 0, 0, 0, 0, 0, 0, 0, 0, 0, 0, 0, 0, 0, 13, 0, 0, 0, 0, 0, 0, 1000, 0, 0, 0, 0, 0, 0, -1, 0, -1, 0, 0, 0, 0, -1, 0, -1, 0, 0, 0, 0, -1, 0, -1, 0, 0, 0, 0, -1, 0, -1, 0, 0, 0, 0, -1, 0, -1, 0, '', 0, 0, 0, 0, 0, 7, 0, 0, 0, 0, 0, 55, 0, 0, 0, 0, 0, 0, 0, 0, 0, 0, 0, 0, -1, 0, 0, 0, 0, '', 0, 0, 0, 0, 0, 0),
(49400, 4, 1, -1, 'Gilnean Apprentice\'s Pants', 62561, 1, 0, 0, 1, 0, 1, 7, -1, -1, 1, 1, 0, 0, 0, 0, 0, 0, 0, 0, 1, 0, 0, 0, 0, 0, 0, 0, 0, 0, 0, 0, 0, 0, 0, 0, 0, 0, 0, 0, 0, 0, 0, 0, 0, 0, 0, 0, 0, 0, 0, 11, 0, 0, 0, 0, 0, 0, 1000, 0, 0, 0, 0, 0, 0, -1, 0, -1, 0, 0, 0, 0, -1, 0, -1, 0, 0, 0, 0, -1, 0, -1, 0, 0, 0, 0, -1, 0, -1, 0, 0, 0, 0, -1, 0, -1, 0, '', 0, 0, 0, 0, 0, 7, 0, 0, 0, 0, 0, 40, 0, 0, 0, 0, 0, 0, 0, 0, 0, 0, 0, 0, -1, 0, 0, 0, 0, '', 0, 0, 0, 0, 0, 0),
(49401, 4, 1, -1, 'Gilnean Apprentice\'s Boots', 62448, 1, 0, 0, 1, 0, 1, 8, -1, -1, 1, 0, 0, 0, 0, 0, 0, 0, 0, 0, 1, 0, 0, 0, 0, 0, 0, 0, 0, 0, 0, 0, 0, 0, 0, 0, 0, 0, 0, 0, 0, 0, 0, 0, 0, 0, 0, 0, 0, 0, 0, 9, 0, 0, 0, 0, 0, 0, 1000, 0, 0, 0, 0, 0, 0, -1, 0, -1, 0, 0, 0, 0, -1, 0, -1, 0, 0, 0, 0, -1, 0, -1, 0, 0, 0, 0, -1, 0, -1, 0, 0, 0, 0, -1, 0, -1, 0, '', 0, 0, 0, 0, 0, 7, 0, 0, 0, 0, 0, 25, 0, 0, 0, 0, 0, 0, 0, 0, 0, 0, 0, 0, -1, 0, 0, 0, 0, '', 0, 0, 0, 0, 0, 0),
(49407, 4, 1, -1, 'Gilnean Acolyte\'s Boots', 68132, 1, 0, 0, 1, 0, 1, 8, -1, -1, 1, 0, 0, 0, 0, 0, 0, 0, 0, 0, 1, 0, 0, 0, 0, 0, 0, 0, 0, 0, 0, 0, 0, 0, 0, 0, 0, 0, 0, 0, 0, 0, 0, 0, 0, 0, 0, 0, 0, 0, 0, 9, 0, 0, 0, 0, 0, 0, 1000, 0, 0, 0, 0, 0, 0, -1, 0, -1, 0, 0, 0, 0, -1, 0, -1, 0, 0, 0, 0, -1, 0, -1, 0, 0, 0, 0, -1, 0, -1, 0, 0, 0, 0, -1, 0, -1, 0, '', 0, 0, 0, 0, 0, 7, 0, 0, 0, 0, 0, 25, 0, 0, 0, 0, 0, 0, 0, 0, 0, 0, 0, 0, -1, 0, 0, 0, 0, '', 0, 0, 0, 0, 0, 0),
(49408, 4, 1, -1, 'Gilnean Acolyte\'s Robe', 62565, 1, 0, 0, 1, 0, 1, 20, -1, -1, 1, 1, 0, 0, 0, 0, 0, 0, 0, 0, 1, 0, 0, 0, 0, 0, 0, 0, 0, 0, 0, 0, 0, 0, 0, 0, 0, 0, 0, 0, 0, 0, 0, 0, 0, 0, 0, 0, 0, 0, 0, 13, 0, 0, 0, 0, 0, 0, 1000, 0, 0, 0, 0, 0, 0, -1, 0, -1, 0, 0, 0, 0, -1, 0, -1, 0, 0, 0, 0, -1, 0, -1, 0, 0, 0, 0, -1, 0, -1, 0, 0, 0, 0, -1, 0, -1, 0, '', 0, 0, 0, 0, 0, 7, 0, 0, 0, 0, 0, 55, 0, 0, 0, 0, 0, 0, 0, 0, 0, 0, 0, 0, -1, 0, 0, 0, 0, '', 0, 0, 0, 0, 0, 0),
(49409, 4, 1, -1, 'Gilnean Acolyte\'s Pants', 62566, 1, 0, 0, 1, 0, 1, 7, -1, -1, 1, 1, 0, 0, 0, 0, 0, 0, 0, 0, 1, 0, 0, 0, 0, 0, 0, 0, 0, 0, 0, 0, 0, 0, 0, 0, 0, 0, 0, 0, 0, 0, 0, 0, 0, 0, 0, 0, 0, 0, 0, 11, 0, 0, 0, 0, 0, 0, 1000, 0, 0, 0, 0, 0, 0, -1, 0, -1, 0, 0, 0, 0, -1, 0, -1, 0, 0, 0, 0, -1, 0, -1, 0, 0, 0, 0, -1, 0, -1, 0, 0, 0, 0, -1, 0, -1, 0, '', 0, 0, 0, 0, 0, 7, 0, 0, 0, 0, 0, 40, 0, 0, 0, 0, 0, 0, 0, 0, 0, 0, 0, 0, -1, 0, 0, 0, 0, '', 0, 0, 0, 0, 0, 0),
(49563, 4, 2, -1, 'Gilnean Novice\'s Tunic', 65854, 1, 0, 0, 1, 0, 1, 5, -1, -1, 1, 1, 0, 0, 0, 0, 0, 0, 0, 0, 1, 0, 0, 0, 0, 0, 0, 0, 0, 0, 0, 0, 0, 0, 0, 0, 0, 0, 0, 0, 0, 0, 0, 0, 0, 0, 0, 0, 0, 0, 0, 19, 0, 0, 0, 0, 0, 0, 1000, 0, 0, 0, 0, 0, 0, -1, 0, -1, 0, 0, 0, 0, -1, 0, -1, 0, 0, 0, 0, -1, 0, -1, 0, 0, 0, 0, -1, 0, -1, 0, 0, 0, 0, -1, 0, -1, 0, '', 0, 0, 0, 0, 0, 7, 0, 0, 0, 0, 0, 55, 0, 0, 0, 0, 0, 0, 0, 0, 0, 0, 0, 0, -1, 0, 0, 0, 0, '', 0, 0, 0, 0, 0, 0),
(49564, 4, 2, -1, 'Gilnean Novice\'s Boots', 65851, 1, 0, 0, 1, 0, 1, 8, -1, -1, 1, 1, 0, 0, 0, 0, 0, 0, 0, 0, 1, 0, 0, 0, 0, 0, 0, 0, 0, 0, 0, 0, 0, 0, 0, 0, 0, 0, 0, 0, 0, 0, 0, 0, 0, 0, 0, 0, 0, 0, 0, 13, 0, 0, 0, 0, 0, 0, 1000, 0, 0, 0, 0, 0, 0, -1, 0, -1, 0, 0, 0, 0, -1, 0, -1, 0, 0, 0, 0, -1, 0, -1, 0, 0, 0, 0, -1, 0, -1, 0, 0, 0, 0, -1, 0, -1, 0, '', 0, 0, 0, 0, 0, 7, 0, 0, 0, 0, 0, 25, 0, 0, 0, 0, 0, 0, 0, 0, 0, 0, 0, 0, -1, 0, 0, 0, 0, '', 0, 0, 0, 0, 0, 0),
(49565, 4, 2, -1, 'Gilnean Novice\'s Gloves', 65852, 1, 0, 0, 1, 0, 0, 10, -1, -1, 1, 1, 0, 0, 0, 0, 0, 0, 0, 0, 1, 0, 0, 0, 0, 0, 0, 0, 0, 0, 0, 0, 0, 0, 0, 0, 0, 0, 0, 0, 0, 0, 0, 0, 0, 0, 0, 0, 0, 0, 0, 12, 0, 0, 0, 0, 0, 0, 1000, 0, 0, 0, 0, 0, 0, -1, 0, -1, 0, 0, 0, 0, -1, 0, -1, 0, 0, 0, 0, -1, 0, -1, 0, 0, 0, 0, -1, 0, -1, 0, 0, 0, 0, -1, 0, -1, 0, '', 0, 0, 0, 0, 0, 7, 0, 0, 0, 0, 0, 20, 0, 0, 0, 0, 0, 0, 0, 0, 0, 0, 0, 0, -1, 0, 0, 0, 0, '', 0, 0, 0, 0, 0, 0),
(49566, 4, 2, -1, 'Gilnean Novice\'s Pants', 65853, 1, 0, 0, 1, 0, 1, 7, -1, -1, 1, 1, 0, 0, 0, 0, 0, 0, 0, 0, 1, 0, 0, 0, 0, 0, 0, 0, 0, 0, 0, 0, 0, 0, 0, 0, 0, 0, 0, 0, 0, 0, 0, 0, 0, 0, 0, 0, 0, 0, 0, 17, 0, 0, 0, 0, 0, 0, 1000, 0, 0, 0, 0, 0, 0, -1, 0, -1, 0, 0, 0, 0, -1, 0, -1, 0, 0, 0, 0, -1, 0, -1, 0, 0, 0, 0, -1, 0, -1, 0, 0, 0, 0, -1, 0, -1, 0, '', 0, 0, 0, 0, 0, 7, 0, 0, 0, 0, 0, 40, 0, 0, 0, 0, 0, 0, 0, 0, 0, 0, 0, 0, -1, 0, 0, 0, 0, '', 0, 0, 0, 0, 0, 0);

DELETE FROM `item_template` WHERE  `entry` IN (49528, 49524, 49527, 49529, 49502, 49503, 49504, 52532, 49514, 49515, 49516, 49510, 49512, 49531, 52550, 52551, 52552, 49505, 49506, 49508, 49520, 49521, 49522); -- Goblin starting gear
INSERT INTO `item_template` (`entry`, `class`, `subclass`, `SoundOverrideSubclass`, `name`, `displayid`, `Quality`, `Flags`, `FlagsExtra`, `BuyCount`, `BuyPrice`, `SellPrice`, `InventoryType`, `AllowableClass`, `AllowableRace`, `ItemLevel`, `RequiredLevel`, `RequiredSkill`, `RequiredSkillRank`, `requiredspell`, `requiredhonorrank`, `RequiredCityRank`, `RequiredReputationFaction`, `RequiredReputationRank`, `maxcount`, `stackable`, `ContainerSlots`, `StatsCount`, `stat_type1`, `stat_value1`, `stat_type2`, `stat_value2`, `stat_type3`, `stat_value3`, `stat_type4`, `stat_value4`, `stat_type5`, `stat_value5`, `stat_type6`, `stat_value6`, `stat_type7`, `stat_value7`, `stat_type8`, `stat_value8`, `stat_type9`, `stat_value9`, `stat_type10`, `stat_value10`, `ScalingStatDistribution`, `ScalingStatValue`, `dmg_min1`, `dmg_max1`, `dmg_type1`, `dmg_min2`, `dmg_max2`, `dmg_type2`, `armor`, `holy_res`, `fire_res`, `nature_res`, `frost_res`, `shadow_res`, `arcane_res`, `delay`, `ammo_type`, `RangedModRange`, `spellid_1`, `spelltrigger_1`, `spellcharges_1`, `spellppmRate_1`, `spellcooldown_1`, `spellcategory_1`, `spellcategorycooldown_1`, `spellid_2`, `spelltrigger_2`, `spellcharges_2`, `spellppmRate_2`, `spellcooldown_2`, `spellcategory_2`, `spellcategorycooldown_2`, `spellid_3`, `spelltrigger_3`, `spellcharges_3`, `spellppmRate_3`, `spellcooldown_3`, `spellcategory_3`, `spellcategorycooldown_3`, `spellid_4`, `spelltrigger_4`, `spellcharges_4`, `spellppmRate_4`, `spellcooldown_4`, `spellcategory_4`, `spellcategorycooldown_4`, `spellid_5`, `spelltrigger_5`, `spellcharges_5`, `spellppmRate_5`, `spellcooldown_5`, `spellcategory_5`, `spellcategorycooldown_5`, `bonding`, `description`, `PageText`, `LanguageID`, `PageMaterial`, `startquest`, `lockid`, `Material`, `sheath`, `RandomProperty`, `RandomSuffix`, `block`, `itemset`, `MaxDurability`, `area`, `Map`, `BagFamily`, `TotemCategory`, `socketColor_1`, `socketContent_1`, `socketColor_2`, `socketContent_2`, `socketColor_3`, `socketContent_3`, `socketBonus`, `GemProperties`, `RequiredDisenchantSkill`, `ArmorDamageModifier`, `duration`, `ItemLimitCategory`, `HolidayId`, `ScriptName`, `DisenchantID`, `FoodType`, `minMoneyLoot`, `maxMoneyLoot`, `flagsCustom`, `VerifiedBuild`) VALUES
(49528, 4, 3, -1, 'Goblin Brawler\'s Greaves', 69183, 1, 0, 0, 1, 0, 2, 7, -1, -1, 1, 0, 0, 0, 0, 0, 0, 0, 0, 0, 1, 0, 0, 0, 0, 0, 0, 0, 0, 0, 0, 0, 0, 0, 0, 0, 0, 0, 0, 0, 0, 0, 0, 0, 0, 0, 0, 0, 0, 0, 0, 27, 0, 0, 0, 0, 0, 0, 1000, 0, 0, 0, 0, 0, 0, -1, 0, -1, 0, 0, 0, 0, -1, 0, -1, 0, 0, 0, 0, -1, 0, -1, 0, 0, 0, 0, -1, 0, -1, 0, 0, 0, 0, -1, 0, -1, 0, '', 0, 0, 0, 0, 0, 7, 0, 0, 0, 0, 0, 40, 0, 0, 0, 0, 0, 0, 0, 0, 0, 0, 0, 0, -1, 0, 0, 0, 0, '', 0, 0, 0, 0, 0, 0),
(49524, 4, 3, -1, 'Goblin Brawler\'s Harness', 69181, 1, 0, 0, 1, 0, 2, 5, -1, -1, 1, 0, 0, 0, 0, 0, 0, 0, 0, 0, 1, 0, 0, 0, 0, 0, 0, 0, 0, 0, 0, 0, 0, 0, 0, 0, 0, 0, 0, 0, 0, 0, 0, 0, 0, 0, 0, 0, 0, 0, 0, 31, 0, 0, 0, 0, 0, 0, 1000, 0, 0, 0, 0, 0, 0, -1, 0, -1, 0, 0, 0, 0, -1, 0, -1, 0, 0, 0, 0, -1, 0, -1, 0, 0, 0, 0, -1, 0, -1, 0, 0, 0, 0, -1, 0, -1, 0, '', 0, 0, 0, 0, 0, 7, 0, 0, 0, 0, 0, 55, 0, 0, 0, 0, 0, 0, 0, 0, 0, 0, 0, 0, -1, 0, 0, 0, 0, '', 0, 0, 0, 0, 0, 0),
(49527, 4, 3, -1, 'Goblin Brawler\'s Boots', 69185, 1, 0, 0, 1, 0, 1, 8, -1, -1, 1, 0, 0, 0, 0, 0, 0, 0, 0, 0, 1, 0, 0, 0, 0, 0, 0, 0, 0, 0, 0, 0, 0, 0, 0, 0, 0, 0, 0, 0, 0, 0, 0, 0, 0, 0, 0, 0, 0, 0, 0, 22, 0, 0, 0, 0, 0, 0, 1000, 0, 0, 0, 0, 0, 0, -1, 0, -1, 0, 0, 0, 0, -1, 0, -1, 0, 0, 0, 0, -1, 0, -1, 0, 0, 0, 0, -1, 0, -1, 0, 0, 0, 0, -1, 0, -1, 0, '', 0, 0, 0, 0, 0, 7, 0, 0, 0, 0, 0, 25, 0, 0, 0, 0, 0, 0, 0, 0, 0, 0, 0, 0, -1, 0, 0, 0, 0, '', 0, 0, 0, 0, 0, 0),
(49529, 4, 3, -1, 'Goblin Brawler\'s Gauntlets', 69182, 1, 0, 0, 1, 0, 1, 10, -1, -1, 1, 0, 0, 0, 0, 0, 0, 0, 0, 0, 1, 0, 0, 0, 0, 0, 0, 0, 0, 0, 0, 0, 0, 0, 0, 0, 0, 0, 0, 0, 0, 0, 0, 0, 0, 0, 0, 0, 0, 0, 0, 20, 0, 0, 0, 0, 0, 0, 1000, 0, 0, 0, 0, 0, 0, -1, 0, -1, 0, 0, 0, 0, -1, 0, -1, 0, 0, 0, 0, -1, 0, -1, 0, 0, 0, 0, -1, 0, -1, 0, 0, 0, 0, -1, 0, -1, 0, '', 0, 0, 0, 0, 0, 7, 0, 0, 0, 0, 0, 20, 0, 0, 0, 0, 0, 0, 0, 0, 0, 0, 0, 0, -1, 0, 0, 0, 0, '', 0, 0, 0, 0, 0, 0),
(49502, 4, 2, -1, 'Goblin Trapper\'s Shirt', 62614, 1, 0, 0, 1, 0, 1, 5, -1, -1, 1, 0, 0, 0, 0, 0, 0, 0, 0, 0, 1, 0, 0, 0, 0, 0, 0, 0, 0, 0, 0, 0, 0, 0, 0, 0, 0, 0, 0, 0, 0, 0, 0, 0, 0, 0, 0, 0, 0, 0, 0, 19, 0, 0, 0, 0, 0, 0, 1000, 0, 0, 0, 0, 0, 0, -1, 0, -1, 0, 0, 0, 0, -1, 0, -1, 0, 0, 0, 0, -1, 0, -1, 0, 0, 0, 0, -1, 0, -1, 0, 0, 0, 0, -1, 0, -1, 0, '', 0, 0, 0, 0, 0, 7, 0, 0, 0, 0, 0, 55, 0, 0, 0, 0, 0, 0, 0, 0, 0, 0, 0, 0, -1, 0, 0, 0, 0, '', 0, 0, 0, 0, 0, 0),
(49503, 4, 2, -1, 'Goblin Trapper\'s Pants', 69187, 1, 0, 0, 1, 0, 1, 7, -1, -1, 1, 1, 0, 0, 0, 0, 0, 0, 0, 0, 1, 0, 0, 0, 0, 0, 0, 0, 0, 0, 0, 0, 0, 0, 0, 0, 0, 0, 0, 0, 0, 0, 0, 0, 0, 0, 0, 0, 0, 0, 0, 17, 0, 0, 0, 0, 0, 0, 1000, 0, 0, 0, 0, 0, 0, -1, 0, -1, 0, 0, 0, 0, -1, 0, -1, 0, 0, 0, 0, -1, 0, -1, 0, 0, 0, 0, -1, 0, -1, 0, 0, 0, 0, -1, 0, -1, 0, '', 0, 0, 0, 0, 0, 7, 0, 0, 0, 0, 0, 40, 0, 0, 0, 0, 0, 0, 0, 0, 0, 0, 0, 0, -1, 0, 0, 0, 0, '', 0, 0, 0, 0, 0, 0),
(49504, 4, 2, -1, 'Goblin Trapper\'s Boots', 62617, 1, 0, 0, 1, 0, 1, 8, -1, -1, 1, 0, 0, 0, 0, 0, 0, 0, 0, 0, 1, 0, 0, 0, 0, 0, 0, 0, 0, 0, 0, 0, 0, 0, 0, 0, 0, 0, 0, 0, 0, 0, 0, 0, 0, 0, 0, 0, 0, 0, 0, 13, 0, 0, 0, 0, 0, 0, 1000, 0, 0, 0, 0, 0, 0, -1, 0, -1, 0, 0, 0, 0, -1, 0, -1, 0, 0, 0, 0, -1, 0, -1, 0, 0, 0, 0, -1, 0, -1, 0, 0, 0, 0, -1, 0, -1, 0, '', 0, 0, 0, 0, 0, 7, 0, 0, 0, 0, 0, 25, 0, 0, 0, 0, 0, 0, 0, 0, 0, 0, 0, 0, -1, 0, 0, 0, 0, '', 0, 0, 0, 0, 0, 0),
(52532, 2, 1, -1, 'Worn Wood Chopper', 65743, 1, 0, 0, 1, 0, 4, 17, -1, -1, 1, 1, 0, 0, 0, 0, 0, 0, 0, 0, 1, 0, 0, 0, 0, 0, 0, 0, 0, 0, 0, 0, 0, 0, 0, 0, 0, 0, 0, 0, 0, 0, 0, 0, 0, 2, 4, 0, 0, 0, 0, 0, 0, 0, 0, 0, 0, 0, 2900, 0, 0, 0, 0, 0, 0, -1, 0, -1, 0, 0, 0, 0, -1, 0, -1, 0, 0, 0, 0, -1, 0, -1, 0, 0, 0, 0, -1, 0, -1, 0, 0, 0, 0, -1, 0, -1, 0, '', 0, 0, 0, 0, 0, 1, 1, 0, 0, 0, 0, 40, 0, 0, 0, 0, 0, 0, 0, 0, 0, 0, 0, 0, -1, 0, 0, 0, 0, '', 0, 0, 0, 0, 0, 0),
(49514, 4, 2, -1, 'Goblin Thug\'s Tunic', 65799, 1, 0, 0, 1, 0, 1, 5, -1, -1, 1, 0, 0, 0, 0, 0, 0, 0, 0, 0, 1, 0, 0, 0, 0, 0, 0, 0, 0, 0, 0, 0, 0, 0, 0, 0, 0, 0, 0, 0, 0, 0, 0, 0, 0, 0, 0, 0, 0, 0, 0, 19, 0, 0, 0, 0, 0, 0, 1000, 0, 0, 0, 0, 0, 0, -1, 0, -1, 0, 0, 0, 0, -1, 0, -1, 0, 0, 0, 0, -1, 0, -1, 0, 0, 0, 0, -1, 0, -1, 0, 0, 0, 0, -1, 0, -1, 0, '', 0, 0, 0, 0, 0, 7, 0, 0, 0, 0, 0, 55, 0, 0, 0, 0, 0, 0, 0, 0, 0, 0, 0, 0, -1, 0, 0, 0, 0, '', 0, 0, 0, 0, 0, 0),
(49515, 4, 2, -1, 'Goblin Thug\'s Pants', 69188, 1, 0, 0, 1, 0, 1, 7, -1, -1, 1, 1, 0, 0, 0, 0, 0, 0, 0, 0, 1, 0, 0, 0, 0, 0, 0, 0, 0, 0, 0, 0, 0, 0, 0, 0, 0, 0, 0, 0, 0, 0, 0, 0, 0, 0, 0, 0, 0, 0, 0, 17, 0, 0, 0, 0, 0, 0, 1000, 0, 0, 0, 0, 0, 0, -1, 0, -1, 0, 0, 0, 0, -1, 0, -1, 0, 0, 0, 0, -1, 0, -1, 0, 0, 0, 0, -1, 0, -1, 0, 0, 0, 0, -1, 0, -1, 0, '', 0, 0, 0, 0, 0, 7, 0, 0, 0, 0, 0, 40, 0, 0, 0, 0, 0, 0, 0, 0, 0, 0, 0, 0, -1, 0, 0, 0, 0, '', 0, 0, 0, 0, 0, 0),
(49516, 4, 2, -1, 'Goblin Thug\'s Boots', 65798, 1, 0, 0, 1, 0, 1, 8, -1, -1, 1, 0, 0, 0, 0, 0, 0, 0, 0, 0, 1, 0, 0, 0, 0, 0, 0, 0, 0, 0, 0, 0, 0, 0, 0, 0, 0, 0, 0, 0, 0, 0, 0, 0, 0, 0, 0, 0, 0, 0, 0, 13, 0, 0, 0, 0, 0, 0, 1000, 0, 0, 0, 0, 0, 0, -1, 0, -1, 0, 0, 0, 0, -1, 0, -1, 0, 0, 0, 0, -1, 0, -1, 0, 0, 0, 0, -1, 0, -1, 0, 0, 0, 0, -1, 0, -1, 0, '', 0, 0, 0, 0, 0, 7, 0, 0, 0, 0, 0, 25, 0, 0, 0, 0, 0, 0, 0, 0, 0, 0, 0, 0, -1, 0, 0, 0, 0, '', 0, 0, 0, 0, 0, 0),
(49510, 4, 1, -1, 'Goblin Neophyte\'s Robe', 65789, 1, 0, 0, 1, 0, 1, 20, -1, -1, 1, 1, 0, 0, 0, 0, 0, 0, 0, 0, 1, 0, 0, 0, 0, 0, 0, 0, 0, 0, 0, 0, 0, 0, 0, 0, 0, 0, 0, 0, 0, 0, 0, 0, 0, 0, 0, 0, 0, 0, 0, 13, 0, 0, 0, 0, 0, 0, 1000, 0, 0, 0, 0, 0, 0, -1, 0, -1, 0, 0, 0, 0, -1, 0, -1, 0, 0, 0, 0, -1, 0, -1, 0, 0, 0, 0, -1, 0, -1, 0, 0, 0, 0, -1, 0, -1, 0, '', 0, 0, 0, 0, 0, 7, 0, 0, 0, 0, 0, 55, 0, 0, 0, 0, 0, 0, 0, 0, 0, 0, 0, 0, -1, 0, 0, 0, 0, '', 0, 0, 0, 0, 0, 0),
(49512, 4, 1, -1, 'Goblin Neophyte\'s Pants', 62598, 1, 0, 0, 1, 0, 1, 7, -1, -1, 1, 1, 0, 0, 0, 0, 0, 0, 0, 0, 1, 0, 0, 0, 0, 0, 0, 0, 0, 0, 0, 0, 0, 0, 0, 0, 0, 0, 0, 0, 0, 0, 0, 0, 0, 0, 0, 0, 0, 0, 0, 11, 0, 0, 0, 0, 0, 0, 1000, 0, 0, 0, 0, 0, 0, -1, 0, -1, 0, 0, 0, 0, -1, 0, -1, 0, 0, 0, 0, -1, 0, -1, 0, 0, 0, 0, -1, 0, -1, 0, 0, 0, 0, -1, 0, -1, 0, '', 0, 0, 0, 0, 0, 7, 0, 0, 0, 0, 0, 40, 0, 0, 0, 0, 0, 0, 0, 0, 0, 0, 0, 0, -1, 0, 0, 0, 0, '', 0, 0, 0, 0, 0, 0),
(49531, 4, 1, -1, 'Goblin Neophyte\'s Shoes', 6318, 1, 0, 0, 1, 0, 1, 8, -1, -1, 1, 0, 0, 0, 0, 0, 0, 0, 0, 0, 1, 0, 0, 0, 0, 0, 0, 0, 0, 0, 0, 0, 0, 0, 0, 0, 0, 0, 0, 0, 0, 0, 0, 0, 0, 0, 0, 0, 0, 0, 0, 9, 0, 0, 0, 0, 0, 0, 1000, 0, 0, 0, 0, 0, 0, -1, 0, -1, 0, 0, 0, 0, -1, 0, -1, 0, 0, 0, 0, -1, 0, -1, 0, 0, 0, 0, -1, 0, -1, 0, 0, 0, 0, -1, 0, -1, 0, '', 0, 0, 0, 0, 0, 7, 0, 0, 0, 0, 0, 25, 0, 0, 0, 0, 0, 0, 0, 0, 0, 0, 0, 0, -1, 0, 0, 0, 0, '', 0, 0, 0, 0, 0, 0),
(52550, 4, 2, -1, 'Primal Shirt', 65801, 1, 0, 0, 1, 0, 1, 5, -1, -1, 1, 0, 0, 0, 0, 0, 0, 0, 0, 0, 1, 0, 0, 0, 0, 0, 0, 0, 0, 0, 0, 0, 0, 0, 0, 0, 0, 0, 0, 0, 0, 0, 0, 0, 0, 0, 0, 0, 0, 0, 0, 19, 0, 0, 0, 0, 0, 0, 1000, 0, 0, 0, 0, 0, 0, -1, 0, -1, 0, 0, 0, 0, -1, 0, -1, 0, 0, 0, 0, -1, 0, -1, 0, 0, 0, 0, -1, 0, -1, 0, 0, 0, 0, -1, 0, -1, 0, '', 0, 0, 0, 0, 0, 7, 0, 0, 0, 0, 0, 55, 0, 0, 0, 0, 0, 0, 0, 0, 0, 0, 0, 0, -1, 0, 0, 0, 0, '', 0, 0, 0, 0, 0, 0),
(52551, 4, 2, -1, 'Primal Pants', 62573, 1, 0, 0, 1, 0, 1, 7, -1, -1, 1, 1, 0, 0, 0, 0, 0, 0, 0, 0, 1, 0, 0, 0, 0, 0, 0, 0, 0, 0, 0, 0, 0, 0, 0, 0, 0, 0, 0, 0, 0, 0, 0, 0, 0, 0, 0, 0, 0, 0, 0, 17, 0, 0, 0, 0, 0, 0, 1000, 0, 0, 0, 0, 0, 0, -1, 0, -1, 0, 0, 0, 0, -1, 0, -1, 0, 0, 0, 0, -1, 0, -1, 0, 0, 0, 0, -1, 0, -1, 0, 0, 0, 0, -1, 0, -1, 0, '', 0, 0, 0, 0, 0, 7, 0, 0, 0, 0, 0, 40, 0, 0, 0, 0, 0, 0, 0, 0, 0, 0, 0, 0, -1, 0, 0, 0, 0, '', 0, 0, 0, 0, 0, 0),
(52552, 4, 2, -1, 'Primal Boots', 65800, 1, 0, 0, 1, 0, 1, 8, -1, -1, 1, 0, 0, 0, 0, 0, 0, 0, 0, 0, 1, 0, 0, 0, 0, 0, 0, 0, 0, 0, 0, 0, 0, 0, 0, 0, 0, 0, 0, 0, 0, 0, 0, 0, 0, 0, 0, 0, 0, 0, 0, 13, 0, 0, 0, 0, 0, 0, 1000, 0, 0, 0, 0, 0, 0, -1, 0, -1, 0, 0, 0, 0, -1, 0, -1, 0, 0, 0, 0, -1, 0, -1, 0, 0, 0, 0, -1, 0, -1, 0, 0, 0, 0, -1, 0, -1, 0, '', 0, 0, 0, 0, 0, 7, 0, 0, 0, 0, 0, 25, 0, 0, 0, 0, 0, 0, 0, 0, 0, 0, 0, 0, -1, 0, 0, 0, 0, '', 0, 0, 0, 0, 0, 0),
(49505, 4, 1, -1, 'Goblin Apprentice\'s Robe', 62618, 1, 0, 0, 1, 0, 1, 20, -1, -1, 1, 1, 0, 0, 0, 0, 0, 0, 0, 0, 1, 0, 0, 0, 0, 0, 0, 0, 0, 0, 0, 0, 0, 0, 0, 0, 0, 0, 0, 0, 0, 0, 0, 0, 0, 0, 0, 0, 0, 0, 0, 13, 0, 0, 0, 0, 0, 0, 1000, 0, 0, 0, 0, 0, 0, -1, 0, -1, 0, 0, 0, 0, -1, 0, -1, 0, 0, 0, 0, -1, 0, -1, 0, 0, 0, 0, -1, 0, -1, 0, 0, 0, 0, -1, 0, -1, 0, '', 0, 0, 0, 0, 0, 7, 0, 0, 0, 0, 0, 55, 0, 0, 0, 0, 0, 0, 0, 0, 0, 0, 0, 0, -1, 0, 0, 0, 0, '', 0, 0, 0, 0, 0, 0),
(49506, 4, 1, -1, 'Goblin Apprentice\'s Pants', 62621, 1, 0, 0, 1, 0, 1, 7, -1, -1, 1, 1, 0, 0, 0, 0, 0, 0, 0, 0, 1, 0, 0, 0, 0, 0, 0, 0, 0, 0, 0, 0, 0, 0, 0, 0, 0, 0, 0, 0, 0, 0, 0, 0, 0, 0, 0, 0, 0, 0, 0, 11, 0, 0, 0, 0, 0, 0, 1000, 0, 0, 0, 0, 0, 0, -1, 0, -1, 0, 0, 0, 0, -1, 0, -1, 0, 0, 0, 0, -1, 0, -1, 0, 0, 0, 0, -1, 0, -1, 0, 0, 0, 0, -1, 0, -1, 0, '', 0, 0, 0, 0, 0, 7, 0, 0, 0, 0, 0, 40, 0, 0, 0, 0, 0, 0, 0, 0, 0, 0, 0, 0, -1, 0, 0, 0, 0, '', 0, 0, 0, 0, 0, 0),
(49508, 4, 1, -1, 'Goblin Apprentice\'s Boots', 9929, 1, 0, 0, 1, 0, 1, 8, -1, -1, 1, 0, 0, 0, 0, 0, 0, 0, 0, 0, 1, 0, 0, 0, 0, 0, 0, 0, 0, 0, 0, 0, 0, 0, 0, 0, 0, 0, 0, 0, 0, 0, 0, 0, 0, 0, 0, 0, 0, 0, 0, 9, 0, 0, 0, 0, 0, 0, 1000, 0, 0, 0, 0, 0, 0, -1, 0, -1, 0, 0, 0, 0, -1, 0, -1, 0, 0, 0, 0, -1, 0, -1, 0, 0, 0, 0, -1, 0, -1, 0, 0, 0, 0, -1, 0, -1, 0, '', 0, 0, 0, 0, 0, 7, 0, 0, 0, 0, 0, 25, 0, 0, 0, 0, 0, 0, 0, 0, 0, 0, 0, 0, -1, 0, 0, 0, 0, '', 0, 0, 0, 0, 0, 0),
(49520, 4, 1, -1, 'Goblin Acolyte\'s Robe', 65787, 1, 0, 0, 1, 0, 1, 20, -1, -1, 1, 1, 0, 0, 0, 0, 0, 0, 0, 0, 1, 0, 0, 0, 0, 0, 0, 0, 0, 0, 0, 0, 0, 0, 0, 0, 0, 0, 0, 0, 0, 0, 0, 0, 0, 0, 0, 0, 0, 0, 0, 13, 0, 0, 0, 0, 0, 0, 1000, 0, 0, 0, 0, 0, 0, -1, 0, -1, 0, 0, 0, 0, -1, 0, -1, 0, 0, 0, 0, -1, 0, -1, 0, 0, 0, 0, -1, 0, -1, 0, 0, 0, 0, -1, 0, -1, 0, '', 0, 0, 0, 0, 0, 7, 0, 0, 0, 0, 0, 55, 0, 0, 0, 0, 0, 0, 0, 0, 0, 0, 0, 0, -1, 0, 0, 0, 0, '', 0, 0, 0, 0, 0, 0),
(49521, 4, 1, -1, 'Goblin Acolyte\'s Pants', 62621, 1, 0, 0, 1, 0, 1, 7, -1, -1, 1, 1, 0, 0, 0, 0, 0, 0, 0, 0, 1, 0, 0, 0, 0, 0, 0, 0, 0, 0, 0, 0, 0, 0, 0, 0, 0, 0, 0, 0, 0, 0, 0, 0, 0, 0, 0, 0, 0, 0, 0, 11, 0, 0, 0, 0, 0, 0, 1000, 0, 0, 0, 0, 0, 0, -1, 0, -1, 0, 0, 0, 0, -1, 0, -1, 0, 0, 0, 0, -1, 0, -1, 0, 0, 0, 0, -1, 0, -1, 0, 0, 0, 0, -1, 0, -1, 0, '', 0, 0, 0, 0, 0, 7, 0, 0, 0, 0, 0, 40, 0, 0, 0, 0, 0, 0, 0, 0, 0, 0, 0, 0, -1, 0, 0, 0, 0, '', 0, 0, 0, 0, 0, 0),
(49522, 4, 1, -1, 'Goblin Acolyte\'s Shoes', 4143, 1, 0, 0, 1, 0, 1, 8, -1, -1, 1, 0, 0, 0, 0, 0, 0, 0, 0, 0, 1, 0, 0, 0, 0, 0, 0, 0, 0, 0, 2, 0, 0, 0, 0, 0, 0, 0, 0, 0, 0, 0, 0, 0, 0, 0, 0, 0, 0, 0, 0, 9, 0, 0, 0, 0, 0, 0, 1000, 0, 0, 0, 0, 0, 0, -1, 0, -1, 0, 0, 0, 0, -1, 0, -1, 0, 0, 0, 0, -1, 0, -1, 0, 0, 0, 0, -1, 0, -1, 0, 0, 0, 0, -1, 0, -1, 0, '', 0, 0, 0, 0, 0, 7, 0, 0, 0, 0, 0, 25, 0, 0, 0, 0, 0, 0, 0, 0, 0, 0, 0, 0, -1, 0, 0, 0, 0, '', 0, 0, 0, 0, 0, 0);

DELETE FROM `playercreateinfo_action` WHERE `race` = 9 OR `race` = 12;
INSERT INTO `playercreateinfo_action` (`race`, `class`, `button`, `action`) VALUES
(9, 1, 72, 6603),
(9, 1, 73, 78),
(9, 1, 81, 69070),
(9, 1, 82, 69041),
(9, 1, 84, 6603),
(9, 1, 96, 6603),
(9, 3, 0, 6603),
(9, 3, 1, 2973),
(9, 3, 2, 75),
(9, 3, 9, 69070),
(9, 3, 10, 69041),
(9, 4, 0, 6603),
(9, 4, 1, 1752),
(9, 4, 2, 2098),
(9, 4, 3, 2764),
(9, 4, 9, 69070),
(9, 4, 10, 69041),
(9, 5, 0, 585),
(9, 5, 1, 2050),
(9, 5, 9, 69070),
(9, 5, 10, 69041),
(9, 6, 0, 6603),
(9, 6, 1, 49576),
(9, 6, 2, 45477),
(9, 6, 3, 45462),
(9, 6, 4, 45902),
(9, 6, 5, 47541),
(9, 6, 9, 69070),
(9, 6, 11, 69046),
(9, 6, 10, 69041),
(9, 7, 0, 6603),
(9, 7, 1, 403),
(9, 7, 2, 331),
(9, 7, 9, 69070),
(9, 7, 10, 69041),
(9, 8, 0, 133),
(9, 8, 1, 168),
(9, 8, 9, 69070),
(9, 8, 10, 69041),
(9, 9, 0, 686),
(9, 9, 1, 687),
(9, 9, 9, 69070),
(9, 9, 10, 69041),
(12, 1, 72, 6603),
(12, 1, 73, 78),
(12, 1, 84, 6603),
(12, 1, 96, 6603),
-- (12, 1, 120, 68992), Darkflight Warrior
-- (12, 1, 120, 68996), Two Forms Warrior
-- (12, 1, 120, 87840), Running Wild Warrior
(12, 3, 0, 6603),
(12, 3, 1, 2973),
(12, 3, 2, 75),
-- (12, 3, 120, 68992), Darkflight Hunter
-- (12, 3, 120, 68996), Two Forms Hunter
-- (12, 3, 120, 87840), Running Wild Hunter
(12, 4, 0, 6603),
(12, 4, 1, 1752),
(12, 4, 2, 2098),
(12, 4, 3, 2764),
-- (12, 4, 120, 68992), Darkflight Rogue
-- (12, 4, 120, 68996), Two Forms Rogue
-- (12, 4, 120, 87840), Running Wild Rogue
(12, 5, 0, 585),
(12, 5, 1, 2050),
-- (12, 5, 120, 68992), Darkflight Priest
-- (12, 5, 120, 68996), Two Forms Priest
-- (12, 5, 120, 87840), Running Wild Priest
(12, 6, 0, 6603),
(12, 6, 1, 49576),
(12, 6, 2, 45477),
(12, 6, 3, 45462),
(12, 6, 4, 45902),
(12, 6, 5, 47541),
(12, 6, 9, 68992),
-- (12, 6, 120, 68996), Two Forms Death Knight
-- (12, 6, 120, 87840), Running Wild Death Knight
(12, 8, 0, 133),
(12, 8, 1, 168),
-- (12, 8, 120, 68992), Darkflight Mage
-- (12, 8, 120, 68996), Two Forms Mage
-- (12, 8, 120, 87840), Running Wild Mage
(12, 9, 0, 686),
(12, 9, 1, 687),
-- (12, 9, 120, 68992), Darkflight Warlock
-- (12, 9, 120, 68996), Two Forms Warlock
-- (12, 9, 120, 87840), Running Wild Warlock
(12, 11, 0, 5176),
(12, 11, 1, 5185),
(12, 11, 72, 6603),
(12, 11, 96, 6603);
-- (12, 11, 120, 68992), Darkflight Druid
-- (12, 11, 120, 68996), Two Forms Druid
-- (12, 11, 120, 87840), Running Wild Druid

UPDATE `playercreateinfo_skills` SET `racemask` = `racemask`|256|2048 WHERE `skill` = 46; -- Guns
UPDATE `playercreateinfo_skills` SET `racemask` = `racemask`|256|2048 WHERE `skill` = 173; -- Daggers
UPDATE `playercreateinfo_skills` SET `racemask` = `racemask`|256 WHERE `skill` = 160; -- 2h-mace goblins
UPDATE `playercreateinfo_skills` SET `racemask` = `racemask`|256 WHERE `skill` = 109; -- Orcish language goblins
UPDATE `playercreateinfo_skills` SET `racemask` = `racemask`|2048 WHERE `skill` = 98; -- Common language worgen
INSERT INTO `playercreateinfo_skills` (`raceMask`, `classMask`, `skill`, `rank`, `comment`) VALUES
(2048, 8, 44, 0, 'Axes - Worgen'), -- Yes, these are hackfixes and I'm very mad about it,
(256, 8, 54, 0, 'Maces - Goblin'), -- But right now I don't see any other way to add these.
(2048, 0, 789, 0, 'Worgen - Racial'), -- And unfortunately, I really want worgen and goblins
(256, 0, 790, 0, 'Goblin - Racial'); -- To have their starting gear from cata, and the rogues have funky weapons.

DELETE FROM `spell_script_names` WHERE `spell_id` = 69041;
INSERT INTO `spell_script_names` (`spell_id`, `ScriptName`) VALUES (69041, 'spell_rocket_barrage');

DELETE FROM `creature_model_info` WHERE `DisplayID` IN (33000, 33001, 32385, 39095, 39096, 35249, 35250);
INSERT INTO `creature_model_info` (`DisplayID`, `BoundingRadius`, `CombatReach`, `Gender`, `DisplayID_Other_Gender`) VALUES
(29422, 0.406, 1.5, 0, 0), -- Worgen
(29423, 0.406, 1.5, 1, 0), -- Worgenette
(32385, 0.2325, 1.5, 0, 0), -- Gobber
(39095, 1, 1.5, 2, 0), -- Horse
(39096, 1, 1.5, 2, 0), -- Quik-horse
(35249, 0.35, 1.5, 2, 0), -- Trike
(35250, 0.35, 1.5, 2, 0); -- Quik-trike

DELETE FROM `creature_template` WHERE `entry` IN (36613, 46754, 46755, 49355, 49356, 55272, 55273);
INSERT INTO `creature_template` (`entry`, `difficulty_entry_1`, `difficulty_entry_2`, `difficulty_entry_3`, `KillCredit1`, `KillCredit2`, `modelid1`, `modelid2`, `modelid3`, `modelid4`, `name`, `subname`, `IconName`, `gossip_menu_id`, `minlevel`, `maxlevel`, `exp`, `faction`, `npcflag`, `speed_walk`, `speed_run`, `speed_swim`, `speed_flight`, `detection_range`, `scale`, `rank`, `dmgschool`, `DamageModifier`, `BaseAttackTime`, `RangeAttackTime`, `BaseVariance`, `RangeVariance`, `unit_class`, `unit_flags`, `unit_flags2`, `dynamicflags`, `family`, `trainer_type`, `trainer_spell`, `trainer_class`, `trainer_race`, `type`, `type_flags`, `lootid`, `pickpocketloot`, `skinloot`, `PetSpellDataId`, `VehicleId`, `mingold`, `maxgold`, `AIName`, `MovementType`, `HoverHeight`, `HealthModifier`, `ManaModifier`, `ArmorModifier`, `ExperienceModifier`, `RacialLeader`, `movementId`, `RegenHealth`, `mechanic_immune_mask`, `spell_school_immune_mask`, `flags_extra`, `ScriptName`, `VerifiedBuild`) VALUES
(36613, 0, 0, 0, 0, 0, 32385, 0, 0, 0, 'Gobber', '', NULL, 0, 55, 55, 0, 120, 131072, 1, 1.14286, 1, 1, 18, 1, 0, 0, 1, 2000, 2000, 1, 1, 1, 512, 2048, 0, 0, 0, 0, 0, 0, 7, 0, 0, 0, 0, 0, 0, 0, 0, '', 0, 1, 3, 1, 1, 1, 0, 0, 1, 0, 0, 2, '', 12340),
(46754, 0, 0, 0, 0, 0, 35249, 0, 0, 0, 'Goblin Trike', NULL, NULL, 0, 20, 20, 0, 35, 0, 1, 1.38571, 1, 1, 20, 1, 0, 0, 1, 2000, 2000, 1, 1, 1, 33554432, 2048, 0, 0, 0, 0, 0, 0, 9, 0, 0, 0, 0, 0, 0, 0, 0, '', 0, 1, 1, 1, 1, 1, 0, 140, 1, 0, 0, 0, '', 0),
(46755, 0, 0, 0, 0, 0, 35250, 0, 0, 0, 'Goblin Turbo-Trike', NULL, NULL, 0, 40, 40, 0, 35, 0, 1, 1.38571, 1, 1, 20, 1, 0, 0, 1, 2000, 2000, 1, 1, 1, 33554432, 2048, 0, 0, 0, 0, 0, 0, 9, 0, 0, 0, 0, 0, 0, 0, 0, '', 0, 1, 1, 1, 1, 1, 0, 140, 1, 0, 0, 0, '', 0),
(49355, 0, 0, 0, 0, 0, 36445, 0, 0, 0, 'Lord Harford', '', '', 0, 53, 54, 0, 7, 0, 1, 1.14286, 1, 1, 18, 1, 0, 0, 1, 2000, 2000, 1, 1, 1, 0, 2048, 0, 0, 0, 0, 0, 0, 7, 0, 0, 0, 0, 0, 0, 0, 0, '', 0, 1, 0.004, 1, 1, 1, 0, 0, 1, 0, 0, 8192, '', 15595),
(49356, 0, 0, 0, 0, 0, 36446, 0, 0, 0, 'Gally Lumpstain', '', '', 0, 53, 54, 0, 7, 0, 1, 1.14286, 1, 1, 18, 1, 0, 0, 1, 2000, 2000, 1, 1, 1, 0, 2048, 0, 0, 0, 0, 0, 0, 7, 0, 0, 0, 0, 0, 0, 0, 0, '', 0, 1, 0.004, 1, 1, 1, 0, 0, 1, 0, 0, 8192, '', 15595),
(55272, 0, 0, 0, 0, 0, 39096, 0, 0, 0, 'Mountain Horse', NULL, NULL, 0, 20, 20, 0, 35, 0, 1, 1.38571, 1, 1, 20, 1, 0, 0, 1, 2000, 2000, 1, 1, 1, 0, 2048, 0, 0, 0, 0, 0, 0, 1, 0, 0, 0, 0, 0, 0, 0, 0, '', 0, 1, 1, 1, 1, 1, 0, 140, 1, 0, 0, 0, '', 0),
(55273, 0, 0, 0, 0, 0, 39095, 0, 0, 0, 'Swift Mountain Horse', NULL, NULL, 0, 40, 40, 0, 35, 0, 1, 1.38571, 1, 1, 20, 1, 0, 0, 1, 2000, 2000, 1, 1, 1, 0, 2048, 0, 0, 0, 0, 0, 0, 1, 0, 0, 0, 0, 0, 0, 0, 0, '', 0, 1, 1, 1, 1, 1, 0, 140, 1, 0, 0, 0, '', 0);

DELETE FROM `achievement_criteria_data` WHERE `criteria_id` IN (13473, 13474, 13475, 13476, 13477, 13478);
INSERT INTO `achievement_criteria_data` (`criteria_id`, `type`, `value1`, `value2`, `ScriptName`) VALUES
(13473, 2, 0, 9, ''), -- Achievement 2422 (Shake Your Bunny-Maker)
(13473, 9, 18, 0, ''),
(13473, 10, 1, 0, ''),
(13474, 2, 0, 12, ''),
(13474, 9, 18, 0, ''),
(13474, 10, 1, 0, ''),
(13475, 2, 0, 9, ''), -- Achievement 291 (Check Your Head)
(13476, 2, 0, 12, ''),
(13477, 21, 0, 9, ''), -- Achievement 1429 (Realm First! Level 80 Goblin)
(13478, 21, 0, 12, ''); -- Achievement 1430 (Realm First! Level 80 Worgen)

DELETE FROM `quest_template` WHERE `ID` IN (28649, 28650);
INSERT INTO `quest_template` (`ID`, `QuestType`, `QuestLevel`, `MinLevel`, `QuestSortID`, `QuestInfoID`, `SuggestedGroupNum`, `RequiredFactionId1`, `RequiredFactionId2`, `RequiredFactionValue1`, `RequiredFactionValue2`, `RewardNextQuest`, `RewardXPDifficulty`, `RewardMoney`, `RewardMoneyDifficulty`, `RewardBonusMoney`, `RewardDisplaySpell`, `RewardSpell`, `RewardHonor`, `RewardKillHonor`, `StartItem`, `Flags`, `RequiredPlayerKills`, `RewardItem1`, `RewardAmount1`, `RewardItem2`, `RewardAmount2`, `RewardItem3`, `RewardAmount3`, `RewardItem4`, `RewardAmount4`, `ItemDrop1`, `ItemDropQuantity1`, `ItemDrop2`, `ItemDropQuantity2`, `ItemDrop3`, `ItemDropQuantity3`, `ItemDrop4`, `ItemDropQuantity4`, `RewardChoiceItemID1`, `RewardChoiceItemQuantity1`, `RewardChoiceItemID2`, `RewardChoiceItemQuantity2`, `RewardChoiceItemID3`, `RewardChoiceItemQuantity3`, `RewardChoiceItemID4`, `RewardChoiceItemQuantity4`, `RewardChoiceItemID5`, `RewardChoiceItemQuantity5`, `RewardChoiceItemID6`, `RewardChoiceItemQuantity6`, `POIContinent`, `POIx`, `POIy`, `POIPriority`, `RewardTitle`, `RewardTalents`, `RewardArenaPoints`, `RewardFactionID1`, `RewardFactionValue1`, `RewardFactionOverride1`, `RewardFactionID2`, `RewardFactionValue2`, `RewardFactionOverride2`, `RewardFactionID3`, `RewardFactionValue3`, `RewardFactionOverride3`, `RewardFactionID4`, `RewardFactionValue4`, `RewardFactionOverride4`, `RewardFactionID5`, `RewardFactionValue5`, `RewardFactionOverride5`, `TimeAllowed`, `AllowableRaces`, `LogTitle`, `LogDescription`, `QuestDescription`, `AreaDescription`, `QuestCompletionLog`, `RequiredNpcOrGo1`, `RequiredNpcOrGo2`, `RequiredNpcOrGo3`, `RequiredNpcOrGo4`, `RequiredNpcOrGoCount1`, `RequiredNpcOrGoCount2`, `RequiredNpcOrGoCount3`, `RequiredNpcOrGoCount4`, `RequiredItemId1`, `RequiredItemId2`, `RequiredItemId3`, `RequiredItemId4`, `RequiredItemId5`, `RequiredItemId6`, `RequiredItemCount1`, `RequiredItemCount2`, `RequiredItemCount3`, `RequiredItemCount4`, `RequiredItemCount5`, `RequiredItemCount6`, `Unknown0`, `ObjectiveText1`, `ObjectiveText2`, `ObjectiveText3`, `ObjectiveText4`, `VerifiedBuild`) VALUES
(28649, 2, 55, 55, -372, 0, 0, 0, 0, 0, 0, 12751, 7, 8500, 0, 7500, 0, 0, 0, 0, 0, 128, 0, 0, 0, 0, 0, 0, 0, 0, 0, 0, 0, 0, 0, 0, 0, 0, 0, 0, 0, 0, 0, 0, 0, 0, 0, 0, 0, 0, 0, 0, 0, 0, 0, 0, 1, 0, 0, 0, 0, 0, 0, 0, 0, 0, 0, 0, 0, 0, 0, 0, 0, 0, 2048, 'A Special Surprise', 'Knight Commander Plaguefist at the Chapel of the Crimson Flame has ordered you to execute Ellen Stanbridge, an Argent Dawn prisoner inside the nearby prison house.', 'We got here, tore the place apart, and headed toward the prison house. We weren\'t expecting what we found in there, $N. Seems the Crusade\'s been real busy. That whole thing is full of Argent Dawn prisoners. Most of them were already dead by the time we arrived, but a few were still breathing.$B$BI was about to go in there and execute the rest of them, but I think you should have the honors. In particular, there\'s a real feisty worgen in there that I think you\'ll take great pleasure in executing.', '', 'Return to Knight Commander Plaguefist at the Chapel of the Crimson Flame in Plaguelands: The Scarlet Enclave.', 49355, 0, 0, 0, 1, 0, 0, 0, 0, 0, 0, 0, 0, 0, 0, 0, 0, 0, 0, 0, 0, '', '', '', '', 12340),
(28650, 2, 55, 55, -372, 0, 0, 0, 0, 0, 0, 12751, 7, 8500, 0, 7500, 0, 0, 0, 0, 0, 128, 0, 0, 0, 0, 0, 0, 0, 0, 0, 0, 0, 0, 0, 0, 0, 0, 0, 0, 0, 0, 0, 0, 0, 0, 0, 0, 0, 0, 0, 0, 0, 0, 0, 0, 1, 0, 0, 0, 0, 0, 0, 0, 0, 0, 0, 0, 0, 0, 0, 0, 0, 0, 256, 'A Special Surprise', 'Knight Commander Plaguefist at the Chapel of the Crimson Flame has ordered you to execute Ellen Stanbridge, an Argent Dawn prisoner inside the nearby prison house.', 'We got here, tore the place apart, and headed toward the prison house. We weren\'t expecting what we found in there, $N. Seems the Crusade\'s been real busy. That whole thing is full of Argent Dawn prisoners. Most of them were already dead by the time we arrived, but a few were still breathing.$B$BI was about to go in there and execute the rest of them, but I think you should have the honors. In particular, there\'s a real feisty goblin in there that I think you\'ll take great pleasure in executing.', '', 'Return to Knight Commander Plaguefist at the Chapel of the Crimson Flame in Plaguelands: The Scarlet Enclave.', 49356, 0, 0, 0, 1, 0, 0, 0, 0, 0, 0, 0, 0, 0, 0, 0, 0, 0, 0, 0, 0, '', '', '', '', 12340);
UPDATE quest_template SET AllowableRaces = AllowableRaces|256 WHERE AllowableRaces & 2 AND AllowableRaces != -1 AND AllowableRaces != 2147483647 AND AllowableRaces != 2047 AND AllowableRaces != 4095 AND AllowableRaces != 8191 AND AllowableRaces != 16383 AND AllowableRaces != 32767 AND AllowableRaces != 65535 AND AllowableRaces != 131071 AND AllowableRaces != 262143 AND AllowableRaces != 524287 AND AllowableRaces != 1048575 AND AllowableRaces != 2097151;
UPDATE quest_template SET AllowableRaces = AllowableRaces|2048 WHERE AllowableRaces & 1 AND AllowableRaces != -1 AND AllowableRaces != 2147483647 AND AllowableRaces != 2047 AND AllowableRaces != 4095 AND AllowableRaces != 8191 AND AllowableRaces != 16383 AND AllowableRaces != 32767 AND AllowableRaces != 65535 AND AllowableRaces != 131071 AND AllowableRaces != 262143 AND AllowableRaces != 524287 AND AllowableRaces != 1048575 AND AllowableRaces != 2097151;
UPDATE quest_template SET AllowableRaces = 1 WHERE ID = 12742;
UPDATE quest_template SET AllowableRaces = 2 WHERE ID = 12748;
