INSERT INTO gossip_menu (MenuID, TextID) VALUES (12439, 17494);
INSERT INTO gossip_menu (MenuID, TextID) VALUES (12439, 17495);
INSERT INTO gossip_menu (MenuID, TextID) VALUES (25000, 100000);
INSERT INTO gossip_menu (MenuID, TextID) VALUES (25000, 100001);

INSERT INTO npc_trainer (ID, SpellID, MoneyCost, ReqSkillLine, ReqSkillRank, ReqLevel, ReqSpell) VALUES (48513, -202010, 0, 0, 0, 0, 0);

INSERT INTO broadcast_text (ID, LanguageID, MaleText, FemaleText, EmoteID1, EmoteID2, EmoteID3, EmoteDelay1, EmoteDelay2, EmoteDelay3, SoundEntriesId, EmotesID, Flags, VerifiedBuild) VALUES (100001, 0, 'I can only teach the skill of riding trikes to goblins, $c.', 'I can only teach the skill of riding trikes to goblins, $c.', 1, 0, 0, 0, 0, 0, 0, 0, 1, 0);
INSERT INTO broadcast_text (ID, LanguageID, MaleText, FemaleText, EmoteID1, EmoteID2, EmoteID3, EmoteDelay1, EmoteDelay2, EmoteDelay3, SoundEntriesId, EmotesID, Flags, VerifiedBuild) VALUES (100000, 0, 'I can teach you how to ride even the most troublesome trikes, assuming you\'ve got the coin to fund it!', 'I can teach you how to ride even the most troublesome trikes, assuming you\'ve got the coin to fund it!', 1, 0, 0, 0, 0, 0, 0, 0, 1, 0);
INSERT INTO npc_text (ID, text0_0, text0_1, BroadcastTextID0, lang0, Probability0, em0_0, em0_1, em0_2, em0_3, em0_4, em0_5, text1_0, text1_1, BroadcastTextID1, lang1, Probability1, em1_0, em1_1, em1_2, em1_3, em1_4, em1_5, text2_0, text2_1, BroadcastTextID2, lang2, Probability2, em2_0, em2_1, em2_2, em2_3, em2_4, em2_5, text3_0, text3_1, BroadcastTextID3, lang3, Probability3, em3_0, em3_1, em3_2, em3_3, em3_4, em3_5, text4_0, text4_1, BroadcastTextID4, lang4, Probability4, em4_0, em4_1, em4_2, em4_3, em4_4, em4_5, text5_0, text5_1, BroadcastTextID5, lang5, Probability5, em5_0, em5_1, em5_2, em5_3, em5_4, em5_5, text6_0, text6_1, BroadcastTextID6, lang6, Probability6, em6_0, em6_1, em6_2, em6_3, em6_4, em6_5, text7_0, text7_1, BroadcastTextID7, lang7, Probability7, em7_0, em7_1, em7_2, em7_3, em7_4, em7_5, VerifiedBuild) VALUES (100000, 'I can teach you how to ride even the most troublesome trikes, assuming you\'ve got the coin to fund it!', 'I can teach you how to ride even the most troublesome trikes, assuming you\'ve got the coin to fund it!', 100000, 0, 1, 0, 1, 0, 0, 0, 0, '', '', 0, 0, 0, 0, 0, 0, 0, 0, 0, '', '', 0, 0, 0, 0, 0, 0, 0, 0, 0, '', '', 0, 0, 0, 0, 0, 0, 0, 0, 0, '', '', 0, 0, 0, 0, 0, 0, 0, 0, 0, '', '', 0, 0, 0, 0, 0, 0, 0, 0, 0, '', '', 0, 0, 0, 0, 0, 0, 0, 0, 0, '', '', 0, 0, 0, 0, 0, 0, 0, 0, 0, 12340);

INSERT INTO `npc_text` (`ID`, `text0_0`, `text0_1`, `BroadcastTextID0`, `lang0`, `Probability0`, `em0_0`, `em0_1`, `em0_2`, `em0_3`, `em0_4`, `em0_5`, `text1_0`, `text1_1`, `BroadcastTextID1`, `lang1`, `Probability1`, `em1_0`, `em1_1`, `em1_2`, `em1_3`, `em1_4`, `em1_5`, `text2_0`, `text2_1`, `BroadcastTextID2`, `lang2`, `Probability2`, `em2_0`, `em2_1`, `em2_2`, `em2_3`, `em2_4`, `em2_5`, `text3_0`, `text3_1`, `BroadcastTextID3`, `lang3`, `Probability3`, `em3_0`, `em3_1`, `em3_2`, `em3_3`, `em3_4`, `em3_5`, `text4_0`, `text4_1`, `BroadcastTextID4`, `lang4`, `Probability4`, `em4_0`, `em4_1`, `em4_2`, `em4_3`, `em4_4`, `em4_5`, `text5_0`, `text5_1`, `BroadcastTextID5`, `lang5`, `Probability5`, `em5_0`, `em5_1`, `em5_2`, `em5_3`, `em5_4`, `em5_5`, `text6_0`, `text6_1`, `BroadcastTextID6`, `lang6`, `Probability6`, `em6_0`, `em6_1`, `em6_2`, `em6_3`, `em6_4`, `em6_5`, `text7_0`, `text7_1`, `BroadcastTextID7`, `lang7`, `Probability7`, `em7_0`, `em7_1`, `em7_2`, `em7_3`, `em7_4`, `em7_5`, `VerifiedBuild`) VALUES (100000, 'I can teach you how to ride even the most troublesome trikes, assuming you\'ve got the coin to fund it!', 'I can teach you how to ride even the most troublesome trikes, assuming you\'ve got the coin to fund it!', 100000, 0, 1, 0, 1, 0, 0, 0, 0, '', '', 0, 0, 0, 0, 0, 0, 0, 0, 0, '', '', 0, 0, 0, 0, 0, 0, 0, 0, 0, '', '', 0, 0, 0, 0, 0, 0, 0, 0, 0, '', '', 0, 0, 0, 0, 0, 0, 0, 0, 0, '', '', 0, 0, 0, 0, 0, 0, 0, 0, 0, '', '', 0, 0, 0, 0, 0, 0, 0, 0, 0, '', '', 0, 0, 0, 0, 0, 0, 0, 0, 0, 12340);
INSERT INTO `npc_text` (`ID`, `text0_0`, `text0_1`, `BroadcastTextID0`, `lang0`, `Probability0`, `em0_0`, `em0_1`, `em0_2`, `em0_3`, `em0_4`, `em0_5`, `text1_0`, `text1_1`, `BroadcastTextID1`, `lang1`, `Probability1`, `em1_0`, `em1_1`, `em1_2`, `em1_3`, `em1_4`, `em1_5`, `text2_0`, `text2_1`, `BroadcastTextID2`, `lang2`, `Probability2`, `em2_0`, `em2_1`, `em2_2`, `em2_3`, `em2_4`, `em2_5`, `text3_0`, `text3_1`, `BroadcastTextID3`, `lang3`, `Probability3`, `em3_0`, `em3_1`, `em3_2`, `em3_3`, `em3_4`, `em3_5`, `text4_0`, `text4_1`, `BroadcastTextID4`, `lang4`, `Probability4`, `em4_0`, `em4_1`, `em4_2`, `em4_3`, `em4_4`, `em4_5`, `text5_0`, `text5_1`, `BroadcastTextID5`, `lang5`, `Probability5`, `em5_0`, `em5_1`, `em5_2`, `em5_3`, `em5_4`, `em5_5`, `text6_0`, `text6_1`, `BroadcastTextID6`, `lang6`, `Probability6`, `em6_0`, `em6_1`, `em6_2`, `em6_3`, `em6_4`, `em6_5`, `text7_0`, `text7_1`, `BroadcastTextID7`, `lang7`, `Probability7`, `em7_0`, `em7_1`, `em7_2`, `em7_3`, `em7_4`, `em7_5`, `VerifiedBuild`) VALUES (100001, 'I can only teach the skill of riding trikes to goblins, $c.', 'I can only teach the skill of riding trikes to goblins, $c.', 100001, 0, 1, 0, 1, 0, 0, 0, 0, '', '', 0, 0, 0, 0, 0, 0, 0, 0, 0, '', '', 0, 0, 0, 0, 0, 0, 0, 0, 0, '', '', 0, 0, 0, 0, 0, 0, 0, 0, 0, '', '', 0, 0, 0, 0, 0, 0, 0, 0, 0, '', '', 0, 0, 0, 0, 0, 0, 0, 0, 0, '', '', 0, 0, 0, 0, 0, 0, 0, 0, 0, '', '', 0, 0, 0, 0, 0, 0, 0, 0, 0, 12340);

INSERT INTO `creature_template` (`entry`, `difficulty_entry_1`, `difficulty_entry_2`, `difficulty_entry_3`, `KillCredit1`, `KillCredit2`, `modelid1`, `modelid2`, `modelid3`, `modelid4`, `name`, `subname`, `IconName`, `gossip_menu_id`, `minlevel`, `maxlevel`, `exp`, `faction`, `npcflag`, `speed_walk`, `speed_run`, `speed_swim`, `speed_flight`, `detection_range`, `scale`, `rank`, `dmgschool`, `DamageModifier`, `BaseAttackTime`, `RangeAttackTime`, `BaseVariance`, `RangeVariance`, `unit_class`, `unit_flags`, `unit_flags2`, `dynamicflags`, `family`, `trainer_type`, `trainer_spell`, `trainer_class`, `trainer_race`, `type`, `type_flags`, `lootid`, `pickpocketloot`, `skinloot`, `PetSpellDataId`, `VehicleId`, `mingold`, `maxgold`, `AIName`, `MovementType`, `HoverHeight`, `HealthModifier`, `ManaModifier`, `ArmorModifier`, `ExperienceModifier`, `RacialLeader`, `movementId`, `RegenHealth`, `mechanic_immune_mask`, `spell_school_immune_mask`, `flags_extra`, `ScriptName`, `VerifiedBuild`) VALUES (48510, 0, 0, 0, 0, 0, 7110, 0, 0, 0, 'Kall Worthaton', 'Trike Dealer', NULL, 12439, 45, 45, 0, 29, 131, 1, 1.14286, 1, 1, 20, 1, 0, 0, 1, 2000, 2000, 1, 1, 1, 512, 2048, 0, 0, 0, 0, 0, 0, 7, 134217728, 0, 0, 0, 0, 0, 0, 0, '', 0, 1, 1, 1, 1, 1, 0, 0, 1, 0, 0, 2, '', 0);
INSERT INTO `creature_template` (`entry`, `difficulty_entry_1`, `difficulty_entry_2`, `difficulty_entry_3`, `KillCredit1`, `KillCredit2`, `modelid1`, `modelid2`, `modelid3`, `modelid4`, `name`, `subname`, `IconName`, `gossip_menu_id`, `minlevel`, `maxlevel`, `exp`, `faction`, `npcflag`, `speed_walk`, `speed_run`, `speed_swim`, `speed_flight`, `detection_range`, `scale`, `rank`, `dmgschool`, `DamageModifier`, `BaseAttackTime`, `RangeAttackTime`, `BaseVariance`, `RangeVariance`, `unit_class`, `unit_flags`, `unit_flags2`, `dynamicflags`, `family`, `trainer_type`, `trainer_spell`, `trainer_class`, `trainer_race`, `type`, `type_flags`, `lootid`, `pickpocketloot`, `skinloot`, `PetSpellDataId`, `VehicleId`, `mingold`, `maxgold`, `AIName`, `MovementType`, `HoverHeight`, `HealthModifier`, `ManaModifier`, `ArmorModifier`, `ExperienceModifier`, `RacialLeader`, `movementId`, `RegenHealth`, `mechanic_immune_mask`, `spell_school_immune_mask`, `flags_extra`, `ScriptName`, `VerifiedBuild`) VALUES (48513, 0, 0, 0, 0, 0, 7110, 0, 0, 0, 'Revi Ramrod', 'Riding Trainer', NULL, 25000, 50, 50, 0, 29, 81, 1, 1.14286, 1, 1, 20, 1, 0, 0, 1, 2000, 2000, 1, 1, 1, 512, 2048, 0, 0, 1, 0, 0, 0, 7, 134217728, 0, 0, 0, 0, 0, 0, 0, '', 0, 1, 1, 1, 1, 1, 0, 0, 1, 0, 0, 2, '', 0);

INSERT INTO conditions (SourceTypeOrReferenceId, SourceGroup, SourceEntry, SourceId, ElseGroup, ConditionTypeOrReference, ConditionTarget, ConditionValue1, ConditionValue2, ConditionValue3, NegativeCondition, ErrorType, ErrorTextId, ScriptName, Comment) VALUES (14, 12439, 17495, 0, 0, 16, 0, 256, 0, 0, 0, 0, 0, '', 'NPC Text - Show text if Player is Goblin');
INSERT INTO conditions (SourceTypeOrReferenceId, SourceGroup, SourceEntry, SourceId, ElseGroup, ConditionTypeOrReference, ConditionTarget, ConditionValue1, ConditionValue2, ConditionValue3, NegativeCondition, ErrorType, ErrorTextId, ScriptName, Comment) VALUES (14, 12439, 17494, 0, 0, 16, 0, 256, 0, 0, 1, 0, 0, '', 'NPC Text - Show text if Player is not Goblin');
INSERT INTO conditions (SourceTypeOrReferenceId, SourceGroup, SourceEntry, SourceId, ElseGroup, ConditionTypeOrReference, ConditionTarget, ConditionValue1, ConditionValue2, ConditionValue3, NegativeCondition, ErrorType, ErrorTextId, ScriptName, Comment) VALUES (15, 12439, 0, 0, 0, 16, 0, 256, 0, 0, 0, 0, 0, '', 'Gossip Option - Show Option if Player is Goblin');
INSERT INTO conditions (SourceTypeOrReferenceId, SourceGroup, SourceEntry, SourceId, ElseGroup, ConditionTypeOrReference, ConditionTarget, ConditionValue1, ConditionValue2, ConditionValue3, NegativeCondition, ErrorType, ErrorTextId, ScriptName, Comment) VALUES (14, 25000, 100000, 0, 0, 16, 0, 256, 0, 0, 0, 0, 0, '', 'NPC Text - Show text if Player is Goblin');
INSERT INTO conditions (SourceTypeOrReferenceId, SourceGroup, SourceEntry, SourceId, ElseGroup, ConditionTypeOrReference, ConditionTarget, ConditionValue1, ConditionValue2, ConditionValue3, NegativeCondition, ErrorType, ErrorTextId, ScriptName, Comment) VALUES (14, 25000, 100001, 0, 0, 16, 0, 256, 0, 0, 1, 0, 0, '', 'NPC Text - Show text if Player is not Goblin');
INSERT INTO conditions (SourceTypeOrReferenceId, SourceGroup, SourceEntry, SourceId, ElseGroup, ConditionTypeOrReference, ConditionTarget, ConditionValue1, ConditionValue2, ConditionValue3, NegativeCondition, ErrorType, ErrorTextId, ScriptName, Comment) VALUES (15, 25000, 0, 0, 0, 16, 0, 256, 0, 0, 0, 0, 0, '', 'Gossip Option - Show Option if Player is Goblin');

INSERT INTO npc_vendor (entry, slot, item, maxcount, incrtime, ExtendedCost, VerifiedBuild) VALUES (48510, 0, 62461, 0, 0, 0, 0);
INSERT INTO npc_vendor (entry, slot, item, maxcount, incrtime, ExtendedCost, VerifiedBuild) VALUES (48510, 0, 62462, 0, 0, 0, 0);

INSERT INTO gossip_menu_option (MenuID, OptionID, OptionIcon, OptionText, OptionBroadcastTextID, OptionType, OptionNpcFlag, ActionMenuID, ActionPoiID, BoxCoded, BoxMoney, BoxText, BoxBroadcastTextID, VerifiedBuild) VALUES (12439, 0, 1, 'I would like to buy from you.', 14967, 3, 128, 0, 0, 0, 0, NULL, 0, 0);
INSERT INTO gossip_menu_option (MenuID, OptionID, OptionIcon, OptionText, OptionBroadcastTextID, OptionType, OptionNpcFlag, ActionMenuID, ActionPoiID, BoxCoded, BoxMoney, BoxText, BoxBroadcastTextID, VerifiedBuild) VALUES (25000, 0, 3, 'I seek training to ride a trike.', 0, 5, 16, 0, 0, 0, 0, NULL, 0, 0);
